日期,會員代號,公司名稱,基金統編,基金代號,基金名稱,基金淨值,漲跌,漲跌幅,類型代號,幣別,受益憑證代號
20150603,A0001,兆豐國際投信,00965469,DDO01,兆豐國際第一基金,13.22,0,0.00000,AA1,TWD,T0102Y
20150603,A0001,兆豐國際投信,00971976,DDO02,兆豐國際萬全基金,17.79,-0.08,-0.44768,AB1,TWD,T0105Y
20150602,A0001,兆豐國際投信,00992769,DFO01,兆豐國際全球基金,36.53,0.11,0.30203,AA2,TWD,T0104Y
20150603,A0001,兆豐國際投信,01050148,DDO10,兆豐國際國民基金,22.91,-0.11,-0.47785,AA1,TWD,T0103Y
20150603,A0001,兆豐國際投信,10341837,DDO32,兆豐國際豐台灣基金,28.62,-0.15,-0.52138,AA1,TWD,T0110Y
20150602,A0001,兆豐國際投信,14699772,DIO01,兆豐國際生命科學基金,20.89,-0.05,-0.23878,AA2,TWD,T0109Y
20150603,A0001,兆豐國際投信,18044796,DDM01,兆豐國際寶鑽貨幣市場基金,12.3376,0.0002,0.00162,AD1,TWD,T0101Y
20150602,A0001,兆豐國際投信,25637773,DFO07,兆豐國際綠鑽基金,8.55,0.05,0.58824,AA2,TWD,T0112Y
20150602,A0001,兆豐國際投信,26278352,DFO09,兆豐國際全球高股息基金,10.68,0.02,0.18762,AA2,TWD,T0114Y
20150602,A0001,兆豐國際投信,26299315,DFO10,兆豐國際民生動力基金,10.54,0.04,0.38095,AA2,TWD,T0115Y
20150602,A0001,兆豐國際投信,31829638A,DFO13,兆豐國際全球債券組合基金A(累積型),10.58,-0.01,-0.09443,AE22,TWD,T0116A
20150602,A0001,兆豐國際投信,31829638B,DFO12,兆豐國際全球債券組合基金B(月配型),10.56,0,0.00000,AE22,TWD,T0116Y
20150602,A0001,兆豐國際投信,31923107A,DIO10,兆豐國際新興市場高收益債券基金A(累積型),9.9319,0.0141,0.14217,AC23,TWD,T0117A
20150602,A0001,兆豐國際投信,31923107B,DIO11,兆豐國際新興市場高收益債券基金B(月配型),8.9791,0.0128,0.14276,AC23,TWD,T0117B
20150603,A0001,兆豐國際投信,38522710,DIM01,兆豐國際人民幣貨幣市場基金,10.3498,0.0009,0.00870,AD2,CNY,T0118Y
20150602,A0001,兆豐國際投信,38592074A,DIO14,兆豐國際中國A股基金(台幣),19.56,0.33,1.71607,AA2,TWD,T0119A
20150602,A0001,兆豐國際投信,38592074B,DIO15,兆豐國際中國A股基金(美金),18.98,0.27,1.44308,AA2,USD,T0119B
20150603,A0001,兆豐國際投信,73991751,DDO08,兆豐國際電子基金,21.76,-0.17,-0.77519,AA1,TWD,T0108Y
20150603,A0001,兆豐國際投信,81584996,DDO07,兆豐國際中小基金,13.32,0.01,0.07513,AA1,TWD,T0107Y
20150603,A0003,第一金投信,01032249,DDM01,第一金全家福貨幣市場基金,175.616,0.002,0.00114,AD1,TWD,T0306Y
20150602,A0003,第一金投信,10338642,DIO11,第一金全球大趨勢基金,19.03,0.04,0.21064,AA2,TWD,T0331Y
20150603,A0003,第一金投信,15739619,DDO13,第一金大中華基金,20.76,-0.09,-0.43165,AA1,TWD,T0318Y
20150602,A0003,第一金投信,17612378,DIO02,第一金亞洲科技基金,16.37,0.06,0.36787,AA2,TWD,T0316Y
20150603,A0003,第一金投信,19341318,DDO11,第一金電子基金,25.95,-0.17,-0.65084,AA1,TWD,T0314Y
20150603,A0003,第一金投信,20081472,DDM02,第一金台灣貨幣市場基金,15.0509,0.0002,0.00133,AD1,TWD,T0310Y
20150603,A0003,第一金投信,20092528,DDO08,第一金店頭市場基金,8.67,-0.05,-0.57339,AA1,TWD,T0311Y
20150602,A0003,第一金投信,25593418A,DIO12,第一金全球高收益債券基金A,14.4542,-0.0032,-0.02213,AC23,TWD,T0332A
20150602,A0003,第一金投信,25593418B,DIO13,第一金全球高收益債券基金B,10.5104,-0.0023,-0.02188,AC23,TWD,T0332B
20150602,A0003,第一金投信,25593418C,DIO26,第一金全球高收益債券基金A-美元,9.64,-0.0114,-0.11812,AC23,USD,T0332C
20150602,A0003,第一金投信,25593418D,DIO27,第一金全球高收益債券基金B-美元,9.3029,-0.0111,-0.11918,AC23,USD,T0332D
20150602,A0003,第一金投信,25620512A,DIO15,第一金中國世紀基金,15.58,0.51,3.38421,AA2,TWD,T0334Y
20150602,A0003,第一金投信,25620512B,DIO28,第一金中國世紀基金-人民幣,19,0.56,3.03688,AA2,CNY,T0334A
20150602,A0003,第一金投信,25652648,DIO16,第一金亞洲新興市場基金,11.01,-0.03,-0.27174,AA2,TWD,T0335Y
20150603,A0003,第一金投信,26202396,DDO28,第一金創新趨勢基金,16.75,-0.08,-0.47534,AA1,TWD,T0336Y
20150602,A0003,第一金投信,26297013A,DIO17,第一金新興市場投資等級債券基金A,9.2218,0.0538,0.58682,AC21,TWD,T0337A
20150602,A0003,第一金投信,26297013B,DIO18,第一金新興市場投資等級債券基金B,7.4177,0.0432,0.58580,AC21,TWD,T0337B
20150602,A0003,第一金投信,31887361A,DIO21,第一金全球企業社會責任投資等級債券基金A,9.921,-0.0232,-0.23330,AC21,TWD,T0341A
20150602,A0003,第一金投信,31887361B,DIO22,第一金全球企業社會責任投資等級債券基金B,9.0248,-0.0211,-0.23325,AC21,TWD,T0341B
20150602,A0003,第一金投信,38539992A,DIO24,第一金全球多重資產入息平衡基金(累積型),10.4078,-0.0018,-0.01729,AB2,TWD,T0343A
20150602,A0003,第一金投信,38539992B,DIO25,第一金全球多重資產入息平衡基金(配息型),10.1513,-0.0018,-0.01773,AB2,TWD,T0343B
20150602,A0003,第一金投信,38646796A,DIM02,第一金人民幣貨幣市場基金-新臺幣,10.0066,0.0287,0.28764,AD2,TWD,T0344A
20150602,A0003,第一金投信,38646796B,DIM03,第一金人民幣貨幣市場基金-人民幣,10.103,0.0008,0.00792,AD2,CNY,T0344B
20150602,A0003,第一金投信,48892846A,DIO10,第一金全球不動產證券化基金A,8.0242,-0.0077,-0.09587,AG,TWD,T0326A
20150602,A0003,第一金投信,48892846B,DIO14,第一金全球不動產證券化基金B,6.2404,-0.0059,-0.09446,AG,TWD,T0326B
20150603,A0003,第一金投信,73989002,DDO09,第一金小型精選基金,28.48,-0.15,-0.52393,AA1,TWD,T0313Y
20150603,A0003,第一金投信,99353151,DDO15,第一金中概平衡基金,21.7,-0.15,-0.68650,AB1,TWD,T0320Y
20150603,A0004,匯豐中華投信,00971080,DDO02,匯豐安富基金,22.71,-0.06,-0.26350,AB1,TWD,T0405Y
20150603,A0004,匯豐中華投信,01031298,DDO03,匯豐龍鳳基金,42.28,-0.21,-0.49423,AA1,TWD,T0408Y
20150602,A0004,匯豐中華投信,18031954,DFO02,匯豐太平洋精典基金,15.37,-0.06,-0.38885,AA2,TWD,T0417Y
20150602,A0004,匯豐中華投信,25500903,DFO16,匯豐中國動力基金,18.73,0.28,1.51762,AA2,TWD,T0436Y
20150602,A0004,匯豐中華投信,25617919,DFO17,匯豐雙高收益債券組合基金,11.8777,-0.0082,-0.06899,AE22,TWD,T0438Y
20150602,A0004,匯豐中華投信,25651866,DFO18,匯豐黃金及礦業股票型基金,4.84,0.07,1.46751,AA2,TWD,T0439Y
20150602,A0004,匯豐中華投信,25695077A,DFO19,匯豐資源豐富國家債券基金-累積型,9.2324,0.0845,0.92371,AC21,TWD,T0440A
20150602,A0004,匯豐中華投信,25695077B,DFO20,匯豐資源豐富國家債券基金-月配型,6.6608,0.0845,1.28492,AC21,TWD,T0440B
20150602,A0004,匯豐中華投信,26286281A,DFO21,匯豐亞洲高收益債券基金-累積型,11.3201,0.0063,0.05568,AC23,TWD,T0443A
20150602,A0004,匯豐中華投信,26286281B,DFO22,匯豐亞洲高收益債券基金-月配型,9.0652,0.0063,0.06954,AC23,TWD,T0443B
20150602,A0004,匯豐中華投信,26335699,DFO23,匯豐拉丁美洲基金,7.78,0.18,2.36842,AA2,TWD,T0447Y
20150602,A0004,匯豐中華投信,26396604A,DFO24,匯豐中國點心高收益債券基金(台幣不配息),11.3864,0.017,0.14952,AC23,TWD,T0449Y
20150602,A0004,匯豐中華投信,26396604B,DFO25,匯豐中國點心高收益債券基金(人民幣不配息),2.303,0.0008,0.03475,AC23,CNY,T0449A
20150602,A0004,匯豐中華投信,26396604C,DFO26,匯豐中國點心高收益債券基金(人民幣配息),2.1317,0.0002,0.00938,AC23,CNY,T0449B
20150602,A0004,匯豐中華投信,26396604D,DFO28,匯豐中國點心高收益債券基金(台幣配息),10.7629,0.016,0.14888,AC23,TWD,T0449C
20150602,A0004,匯豐中華投信,26396604E,DFO29,匯豐中國點心高收益債券基金(美元不配息),0.3708,0.0005,0.13503,AC23,USD,T0449D
20150602,A0004,匯豐中華投信,26396604F,DFO30,匯豐中國點心高收益債券基金(美元配息),0.3505,0.0004,0.11425,AC23,USD,T0449E
20150602,A0004,匯豐中華投信,38482745A,DFO27,匯豐中國A股匯聚基金(台幣),18.6303,0.4247,2.33280,AA2,TWD,T0453Y
20150602,A0004,匯豐中華投信,38482745B,DFO37,匯豐中國A股匯聚基金(人民幣),3.7257,0.0734,2.00969,AA2,CNY,T0453A
20150602,A0004,匯豐中華投信,38482745C,DFO38,匯豐中國A股匯聚基金(美元),0.6009,0.0123,2.08970,AA2,USD,T0453B
20150602,A0004,匯豐中華投信,38647535A,DFO31,匯豐中國多元資產入息平衡基金(台幣不配息),11.6526,0.2101,1.83614,AB2,TWD,T0458A
20150602,A0004,匯豐中華投信,38647535B,DFO32,匯豐中國多元資產入息平衡基金(台幣配息),11.5783,0.2088,1.83649,AB2,TWD,T0458B
20150602,A0004,匯豐中華投信,38647535C,DFO33,匯豐中國多元資產入息平衡基金(人民幣不配息),11.7215,0.1747,1.51297,AB2,CNY,T0458C
20150602,A0004,匯豐中華投信,38647535D,DFO34,匯豐中國多元資產入息平衡基金(人民幣配息),11.648,0.1731,1.50851,AB2,CNY,T0458D
20150602,A0004,匯豐中華投信,38647535E,DFO35,匯豐中國多元資產入息平衡基金(美元不配息),11.8296,0.187,1.60617,AB2,USD,T0458E
20150602,A0004,匯豐中華投信,38647535F,DFO36,匯豐中國多元資產入息平衡基金(美元配息),11.7585,0.1856,1.60375,AB2,USD,T0458F
20150602,A0004,匯豐中華投信,48686374,DFO06,匯豐金磚動力基金,13.22,0.04,0.30349,AA2,TWD,T0425Y
20150602,A0004,匯豐中華投信,48745129,DFO08,匯豐五福全球債券組合基金,12.9279,-0.0409,-0.31537,AE22,TWD,T0427Y
20150602,A0004,匯豐中華投信,48784327,DFO09,匯豐新鑽動力基金,9.96,-0.01,-0.10030,AA2,TWD,T0428Y
20150602,A0004,匯豐中華投信,48865209,DFO10,匯豐全球趨勢組合基金,10.92,0.05,0.45998,AE21,TWD,T0429Y
20150602,A0004,匯豐中華投信,48925001,DFO12,匯豐全球關鍵資源基金,7.94,0.07,0.88945,AA2,TWD,T0431Y
20150603,A0004,匯豐中華投信,73987671,DDO13,匯豐台灣精典基金,19.98,-0.1,-0.49801,AA1,TWD,T0415Y
20150603,A0004,匯豐中華投信,76941376,DDO12,匯豐成功基金,33.83,-0.29,-0.84994,AA1,TWD,T0406Y
20150603,A0004,匯豐中華投信,92017794,DDO05,匯豐龍騰電子基金,28.83,-0.1,-0.34566,AA1,TWD,T0410Y
20150603,A0004,匯豐中華投信,92025871,DDM06,匯豐富泰貨幣市場基金,15.7291,0.0002,0.00127,AD1,TWD,T0411Y
20150603,A0004,匯豐中華投信,97993027,DDM09,匯豐富泰二號貨幣市場基金,14.8885,0.0002,0.00134,AD1,TWD,T0413Y
20150603,A0004,匯豐中華投信,97995664,DDO10,匯豐中小基金,9.62,-0.02,-0.20747,AA1,TWD,T0414Y
20150603,A0005,元大寶來投信,00974066,DDO27,元大寶來2001基金,57.23,-0.42,-0.72853,AA1,TWD,T0567Y
20150603,A0005,元大寶來投信,01032058,DDO02,元大寶來多福基金,54.65,-0.31,-0.56405,AA1,TWD,T0502Y
20150603,A0005,元大寶來投信,10342511,DDE08,元大寶來新台灣基金,33.41,-0.19,-0.56548,AH1,TWD,0060
20150602,A0005,元大寶來投信,10348058,DIO13,元大寶來全球農業商機基金,17.21,0.04,0.23296,AA2,TWD,T0553Y
20150603,A0005,元大寶來投信,13530495,DDM03,元大寶來得寶貨幣市場基金,11.8394,0.0002,0.00169,AD1,TWD,T0571Y
20150603,A0005,元大寶來投信,14542287,DDO30,元大寶來精準中小基金,20.13,-0.07,-0.34653,AA1,TWD,T0572Y
20150602,A0005,元大寶來投信,14696466,DIO01,元大寶來全球成長基金,18.96,-0.06,-0.31546,AA2,TWD,T0519Y
20150603,A0005,元大寶來投信,17139204,DDO13,元大寶來新主流基金,21.21,-0.26,-1.21099,AA1,TWD,T0513Y
20150603,A0005,元大寶來投信,18036281,DDO16,元大寶來巴菲特基金,23.57,-0.38,-1.58664,AA1,TWD,T0516Y
20150603,A0005,元大寶來投信,20080023,DDO06,元大寶來店頭基金,7.88,-0.09,-1.12923,AA1,TWD,T0506Y
20150603,A0005,元大寶來投信,20081331,DDM01,元大寶來萬泰貨幣市場基金,14.9247,0.0003,0.00201,AD1,TWD,T0507Y
20150602,A0005,元大寶來投信,21718388A,DIO28,元大寶來全球不動產證券化基金(A)-不配息型,11.71,0.04,0.34276,AG,TWD,T0576A
20150602,A0005,元大寶來投信,21718388B,DIO27,元大寶來全球不動產證券化基金(B)-配息型,8.71,0.03,0.34562,AG,TWD,T0576B
20150602,A0005,元大寶來投信,25520400,DIO16,元大寶來新中國基金,12.96,0.28,2.20820,AA2,TWD,T0556Y
20150602,A0005,元大寶來投信,25591306,DIO33,元大寶來大中華價值指數基金,17.082,-0.02,-0.11695,AI2,TWD,T0581Y
20150603,A0005,元大寶來投信,25610486,DFE01,元大寶來標智滬深300基金,24.72,-0.4,-1.59236,AH2,TWD,0061
20150602,A0005,元大寶來投信,25622390,DIO17,元大寶來印度基金,9.97,-0.21,-2.06287,AA2,TWD,T0557Y
20150602,A0005,元大寶來投信,25638920A,DIO35,元大寶來全球靈活配置債券組合基金(A)-不配息型,10.7,-0.01,-0.09337,AE22,TWD,T0583A
20150602,A0005,元大寶來投信,25638920B,DIO34,元大寶來全球靈活配置債券組合基金(B)-配息型,10.66,0,0.00000,AE22,TWD,T0583B
20150602,A0005,元大寶來投信,25643156,DIO18,元大寶來新興亞洲基金,10.72,-0.06,-0.55659,AA2,TWD,T0558Y
20150602,A0005,元大寶來投信,26203825,DIO38,元大寶來印度指數基金,8.904,-0.178,-1.95992,AI2,TWD,T0586Y
20150602,A0005,元大寶來投信,26203851,DIO37,元大寶來巴西指數基金,5.162,0.172,3.44689,AI2,TWD,T0585Y
20150602,A0005,元大寶來投信,26206323,DIO20,元大寶來華夏中小基金,11.56,0.51,4.61538,AA2,TWD,T0560Y
20150603,A0005,元大寶來投信,26282102,DDE09,元大寶來富櫃50基金,13.24,-0.2,-1.48810,AH1,TWD,006201
20150602,A0005,元大寶來投信,26297576A,DIO41,元大寶來全球國富債券基金(A)-不配息型,8.1929,0.018,0.22019,AC21,TWD,T0588A
20150602,A0005,元大寶來投信,26297576B,DIO40,元大寶來全球國富債券基金(B)-配息型,6.3169,0.0139,0.22053,AC21,TWD,T0588B
20150603,A0005,元大寶來投信,26306553,DDE11,元大寶來摩臺基金,33.37,-0.16,-0.47718,AH1,TWD,006203
20150603,A0005,元大寶來投信,26307568,DDO26,元大寶來台股指數基金,11.119,-0.067,-0.59896,AI1,TWD,T0564Y
20150602,A0005,元大寶來投信,26326707,DIO42,元大寶來新興市場ESG策略基金,12.13,-0.01,-0.08237,AA2,TWD,T0589Y
20150602,A0005,元大寶來投信,26394367,DIO24,元大寶來中國高收益點心債券基金,11.2215,0.0172,0.15351,AC23,TWD,T0566Y
20150602,A0005,元大寶來投信,31830473A,DIO44,元大寶來中國平衡基金-新台幣,15.77,0.31,2.00517,AB2,TWD,T0591Y
20150602,A0005,元大寶來投信,31830473B,DIO47,元大寶來中國平衡基金-人民幣,3.16,0.05,1.60772,AB2,CNY,T0591A
20150603,A0005,元大寶來投信,31830488,DFE02,元大寶來上證50基金,38.46,-0.21,-0.54306,AH2,TWD,006206
20150602,A0005,元大寶來投信,31931789A,DIO45,元大寶來亞太政府公債指數基金(A)-不配息型,8.9028,0.0474,0.53527,AI2,TWD,T0593A
20150602,A0005,元大寶來投信,31931789B,DIO46,元大寶來亞太政府公債指數基金(B)-配息型,8.1891,0.0437,0.53650,AI2,TWD,T0593B
20150602,A0005,元大寶來投信,38546950A,DIO48,元大寶來中國機會債券基金-新台幣,10.6497,0.0323,0.30422,AC21,TWD,T0594A
20150602,A0005,元大寶來投信,38546950B,DIO49,元大寶來中國機會債券基金-人民幣(A)不配息,10.274,0.0006,0.00584,AC21,CNY,T0594B
20150602,A0005,元大寶來投信,38546950C,DIO50,元大寶來中國機會債券基金-人民幣(B)配息,10.1112,0.0006,0.00593,AC21,CNY,T0594C
20150602,A0005,元大寶來投信,38546966A,DIM01,元大寶來人民幣貨幣市場基金-新台幣,10.6417,0.0327,0.30823,AD2,TWD,T0595A
20150602,A0005,元大寶來投信,38546966B,DIM02,元大寶來人民幣貨幣市場基金-人民幣,10.2724,0.0008,0.00779,AD2,CNY,T0595B
20150603,A0005,元大寶來投信,38619904,DDE12,元大寶來台灣50單日正向2倍基金,22.71,-0.26,-1.13191,AH1,TWD,
20150603,A0005,元大寶來投信,38619910,DDE13,元大寶來台灣50單日反向1倍基金,18.46,0.11,0.59946,AH1,TWD,
20150602,A0005,元大寶來投信,38639090A,DIO51,元大寶來大中華TMT基金-新台幣,15.73,0.78,5.21739,AA2,TWD,T0596A
20150602,A0005,元大寶來投信,38639090B,DIO52,元大寶來大中華TMT基金-人民幣,15.82,0.74,4.90716,AA2,CNY,T0596B
20150603,A0005,元大寶來投信,42300232,DIE02,元大寶來滬深300單日反向1倍基金,18.56,0.13,0.70537,AH2,TWD,
20150603,A0005,元大寶來投信,42300253,DIE01,元大寶來滬深300單日正向2倍基金,21.89,-0.33,-1.48515,AH2,TWD,
20150602,A0005,元大寶來投信,48708243,DIO05,元大寶來亞太成長基金,11.43,-0.08,-0.69505,AA2,TWD,T0537Y
20150602,A0005,元大寶來投信,48753324,DIO06,元大寶來泛歐成長基金,9.63,-0.03,-0.31056,AA2,TWD,T0538Y
20150602,A0005,元大寶來投信,48760113,DIO29,元大寶來全球新興市場精選組合基金,13.43,-0.01,-0.07440,AE21,TWD,T0577Y
20150603,A0005,元大寶來投信,48772770,DDE03,元大寶來台灣中型100基金,29.42,-0.19,-0.64168,AH1,TWD,0051
20150602,A0005,元大寶來投信,48789815,DIO30,元大寶來全球ETF成長組合基金,10.46,0,0.00000,AE21,TWD,T0578Y
20150602,A0005,元大寶來投信,48849362A,DIO07,元大寶來全球滿意入息基金-不配息型,10.97,-0.01,-0.09107,AC22,TWD,T0539A
20150602,A0005,元大寶來投信,48849362B,DIO08,元大寶來全球滿意入息基金-配息型,8.07,0,0.00000,AC22,TWD,T0539B
20150602,A0005,元大寶來投信,48885346A,DIO10,元大寶來全球地產建設入息基金-不配息型,8.48,-0.04,-0.46948,AG,TWD,T0542A
20150602,A0005,元大寶來投信,48885346B,DIO09,元大寶來全球地產建設入息基金-配息型,7.01,-0.03,-0.42614,AG,TWD,T0542B
20150603,A0005,元大寶來投信,48903175,DDE06,元大寶來台灣金融基金,16.33,-0.02,-0.12232,AH1,TWD,0055
20150603,A0005,元大寶來投信,48903180,DDE05,元大寶來台商收成基金,23.79,-0.14,-0.58504,AH1,TWD,0054
20150603,A0005,元大寶來投信,48903196,DDE04,元大寶來台灣電子科技基金,29.52,-0.16,-0.53908,AH1,TWD,0053
20150602,A0005,元大寶來投信,48952816A,DIO12,元大寶來全球公用能源效率基金-不配息型,7.94,-0.03,-0.37641,AA2,TWD,T0546A
20150602,A0005,元大寶來投信,48952816B,DIO11,元大寶來全球公用能源效率基金-配息型,6.34,-0.03,-0.47096,AA2,TWD,T0546B
20150603,A0005,元大寶來投信,48966213,DDE07,元大寶來台灣高股息基金,24.45,-0.06,-0.24480,AH1,TWD,0056
20150603,A0005,元大寶來投信,77537509,DDO10,元大寶來多元基金,11.94,-0.07,-0.58285,AA1,TWD,T0510Y
20150603,A0005,元大寶來投信,81584335,DDO08,元大寶來高科技基金,13.06,-0.14,-1.06061,AA1,TWD,T0508Y
20150603,A0005,元大寶來投信,83863951,DDO09,元大寶來經貿基金,30.46,-0.29,-0.94309,AA1,TWD,T0509Y
20150603,A0005,元大寶來投信,92001765,DDO03,元大寶來多多基金,17.01,-0.18,-1.04712,AA1,TWD,T0503Y
20150603,A0005,元大寶來投信,92004566,DDO28,元大寶來績效基金,39.59,-0.32,-0.80180,AA1,TWD,T0568Y
20150603,A0005,元大寶來投信,92017204,DDM02,元大寶來得利貨幣市場基金,16.0559,0.0002,0.00125,AD1,TWD,T0569Y
20150603,A0005,元大寶來投信,92026219,DDO04,元大寶來卓越基金,43.7,-0.61,-1.37666,AA1,TWD,T0504Y
20150603,A0005,元大寶來投信,98636553,DDO18,元大寶來雙盈基金,25.33,-0.2,-0.78339,AB1,TWD,T0518Y
20150603,A0005,元大寶來投信,98764389,DDE02,元大寶來台灣卓越50基金,70.07,-0.31,-0.44047,AH1,TWD,0050
20150603,A0005,元大寶來投信,99346928,DDO32,元大寶來台灣加權股價指數基金,19.621,-0.097,-0.49194,AI1,TWD,T0574Y
20150602,A0005,元大寶來投信,99967974,DIO26,元大寶來全球ETF穩健組合基金,14.15,0.02,0.14154,AE23,TWD,T0575Y
20150602,A0006,景順投信,14687516,DIO04,景順全球康健基金,18.37,-0.08,-0.43360,AA2,TWD,T0609Y
20150603,A0006,景順投信,17140568,DDO07,景順主流基金,18.23,-0.08,-0.43692,AA1,TWD,T0606Y
20150602,A0006,景順投信,38522556A,DIO07,景順人民幣新興亞太入息基金累積型新台幣,10.1712,0.0477,0.47118,AC21,TWD,T0612A
20150602,A0006,景順投信,38522556B,DIO08,景順人民幣新興亞太入息基金月配型新台幣,9.6532,0.0025,0.02590,AC21,TWD,T0612B
20150602,A0006,景順投信,38522556C,DIO09,景順人民幣新興亞太入息基金累積型美元,10.0452,0.0048,0.04781,AC21,USD,T0612C
20150602,A0006,景順投信,38522556D,DIO10,景順人民幣新興亞太入息基金月配型美元,9.5247,-0.0385,-0.40258,AC21,USD,T0612D
20150602,A0006,景順投信,38522556E,DIO11,景順人民幣新興亞太入息基金累積型人民幣,10.0256,-0.0006,-0.00598,AC21,CNY,T0612E
20150602,A0006,景順投信,38522556F,DIO12,景順人民幣新興亞太入息基金月配型人民幣,9.5249,-0.0435,-0.45462,AC21,CNY,T0612F
20150603,A0006,景順投信,73989256,DDO05,景順台灣科技基金,28.96,-0.22,-0.75394,AA1,TWD,T0605Y
20150603,A0006,景順投信,92019786,DDO02,景順潛力基金,33.86,-0.16,-0.47031,AA1,TWD,T0601Y
20150603,A0006,景順投信,92025942,DDM01,景順貨幣市場基金,15.7757,0.0002,0.00127,AD1,TWD,T0602Y
20150602,A0006,景順投信,97993482,DIO01,景順全球科技基金,13.67,0.01,0.07321,AA2,TWD,T0603Y
20150602,A0007,瀚亞投信,10310200,DIO10,瀚亞全球綠色金脈基金,14.7,0.01,0.06807,AA2,TWD,T0733Y
20150602,A0007,瀚亞投信,10357632A,DFO03,瀚亞非洲基金-新臺幣,20.19,0.05,0.24826,AA2,TWD,T0735Y
20150602,A0007,瀚亞投信,10357632B,DFO07,瀚亞非洲基金-南非幣,11.09,0.04,0.36199,AA2,ZAR,T0735B
20150602,A0007,瀚亞投信,14692623,DIO02,瀚亞美國高科技基金,17.29,-0.01,-0.05780,AA2,TWD,T0718Y
20150603,A0007,瀚亞投信,17603899,DDO14,瀚亞電通網基金,12.17,-0.01,-0.08210,AA1,TWD,T0715Y
20150602,A0007,瀚亞投信,17611814,DFO01,瀚亞歐洲基金,10.71,0.08,0.75259,AA2,TWD,T0716Y
20150603,A0007,瀚亞投信,18036769,DDO15,瀚亞理財通基金,22.17,-0.11,-0.49372,AB1,TWD,T0717Y
20150602,A0007,瀚亞投信,21704130,DFO02,瀚亞印度基金,23.51,-0.48,-2.00083,AA2,TWD,T0723Y
20150602,A0007,瀚亞投信,25633559,DFO04,瀚亞巴西基金,4.29,0.14,3.37349,AA2,TWD,T0736Y
20150602,A0007,瀚亞投信,26257384A,DIO12,瀚亞全球高收益債券基金A-新台幣,12.1852,0.002,0.01642,AC23,TWD,T0737A
20150602,A0007,瀚亞投信,26257384B,DIO13,瀚亞全球高收益債券基金B-新台幣,9.3741,0.0016,0.01707,AC23,TWD,T0737B
20150602,A0007,瀚亞投信,26257384C,DIO20,瀚亞全球高收益債券基金C-新台幣,11.0095,0.0019,0.01726,AC23,TWD,T0737C
20150602,A0007,瀚亞投信,26257384D,DIO22,瀚亞全球高收益債券基金A-美元,9.8982,-0.0035,-0.03535,AC23,USD,T0737D
20150602,A0007,瀚亞投信,26257384E,DIO23,瀚亞全球高收益債券基金B-美元,9.2778,-0.0033,-0.03556,AC23,USD,T0737E
20150602,A0007,瀚亞投信,26257384F,DIO24,瀚亞全球高收益債券基金A-澳幣,9.9574,0.0102,0.10254,AC23,AUD,T0737F
20150602,A0007,瀚亞投信,26257384G,DIO25,瀚亞全球高收益債券基金B-澳幣,9.0073,0.0093,0.10336,AC23,AUD,T0737G
20150602,A0007,瀚亞投信,26257384H,DIO26,瀚亞全球高收益債券基金A-人民幣,9.9813,-0.0037,-0.03706,AC23,CNY,T0737H
20150602,A0007,瀚亞投信,26257384I,DIO27,瀚亞全球高收益債券基金B-人民幣,9.4093,-0.0035,-0.03718,AC23,CNY,T0737J
20150602,A0007,瀚亞投信,26384902,DIO14,瀚亞中國基金,14.47,-0.04,-0.27567,AA2,TWD,T0739Y
20150602,A0007,瀚亞投信,31835499A,DIO15,瀚亞新興亞洲當地貨幣債券基金A類型,10.0558,-0.0076,-0.07552,AC21,TWD,T0740A
20150602,A0007,瀚亞投信,31835499B,DIO16,瀚亞新興亞洲當地貨幣債券基金B類型,8.7532,-0.0065,-0.07420,AC21,TWD,T0740B
20150602,A0007,瀚亞投信,31902573A,DIO17,瀚亞縱橫全球高收益債券基金A類型,9.7414,-0.0129,-0.13225,AC23,TWD,T0742A
20150602,A0007,瀚亞投信,31902573B,DIO18,瀚亞縱橫全球高收益債券基金B類型,8.4482,-0.0112,-0.13240,AC23,TWD,T0742B
20150602,A0007,瀚亞投信,31999540A,DFO05,瀚亞新興南非蘭特債券基金A類型,10.8886,-0.0238,-0.21810,AC21,ZAR,T0746A
20150602,A0007,瀚亞投信,31999540B,DFO06,瀚亞新興南非蘭特債券基金B類型,9.7096,-0.0212,-0.21786,AC21,ZAR,T0746B
20150602,A0007,瀚亞投信,38621330A,DIO28,瀚亞亞太豐收平衡基金A-新台幣,10.2735,-0.0356,-0.34533,AB2,TWD,T0747A
20150602,A0007,瀚亞投信,38621330B,DIO29,瀚亞亞太豐收平衡基金B-新台幣,10.0609,-0.0348,-0.34470,AB2,TWD,T0747B
20150602,A0007,瀚亞投信,38621330C,DIO30,瀚亞亞太豐收平衡基金A-美元,10.2108,-0.0457,-0.44557,AB2,USD,T0747C
20150602,A0007,瀚亞投信,38621330D,DIO31,瀚亞亞太豐收平衡基金B-美元,9.9968,-0.0445,-0.44317,AB2,USD,T0747D
20150602,A0007,瀚亞投信,38621330E,DIO32,瀚亞亞太豐收平衡基金A-澳幣,10.5758,-0.0611,-0.57442,AB2,AUD,T0747E
20150602,A0007,瀚亞投信,38621330F,DIO33,瀚亞亞太豐收平衡基金B-澳幣,10.3182,-0.0606,-0.58388,AB2,AUD,T0747F
20150602,A0007,瀚亞投信,38621330G,DIO34,瀚亞亞太豐收平衡基金A-南非幣,10.7342,-0.0265,-0.24627,AB2,ZAR,T0747G
20150602,A0007,瀚亞投信,38621330H,DIO35,瀚亞亞太豐收平衡基金B-南非幣,10.3605,-0.0257,-0.24744,AB2,ZAR,T0747H
20150602,A0007,瀚亞投信,38621330I,DIO41,瀚亞亞太豐收平衡基金A-人民幣,10.3015,-0.0473,-0.45706,AB2,CNY,T0747J
20150602,A0007,瀚亞投信,38621330J,DIO42,瀚亞亞太豐收平衡基金B-人民幣,10.0552,-0.0453,-0.44849,AB2,CNY,T0747K
20150602,A0007,瀚亞投信,42266017A,DIO43,瀚亞新興豐收基金A-新台幣,9.8433,-0.0285,-0.28870,AE23,TWD,T0748A
20150602,A0007,瀚亞投信,42266017B,DIO44,瀚亞新興豐收基金B-新台幣,9.8433,-0.0285,-0.28870,AE23,TWD,T0748B
20150602,A0007,瀚亞投信,42266017C,DIO45,瀚亞新興豐收基金A-美元,9.9555,-0.0372,-0.37227,AE23,USD,T0748C
20150602,A0007,瀚亞投信,42266017D,DIO46,瀚亞新興豐收基金B-美元,9.9573,-0.036,-0.36024,AE23,USD,T0748D
20150602,A0007,瀚亞投信,42266017E,DIO47,瀚亞新興豐收基金A-澳幣,9.8727,-0.0295,-0.29791,AE23,AUD,T0748E
20150602,A0007,瀚亞投信,42266017F,DIO48,瀚亞新興豐收基金B-澳幣,9.8705,-0.031,-0.31308,AE23,AUD,T0748F
20150602,A0007,瀚亞投信,42266017G,DIO49,瀚亞新興豐收基金A-南非幣,10.0299,-0.0175,-0.17417,AE23,ZAR,T0748G
20150602,A0007,瀚亞投信,42266017H,DIO50,瀚亞新興豐收基金B-南非幣,10.0286,-0.0174,-0.17320,AE23,ZAR,T0748H
20150602,A0007,瀚亞投信,42266017I,DIO51,瀚亞新興豐收基金A-人民幣,10.0162,-0.0369,-0.36705,AE23,CNY,T0748J
20150602,A0007,瀚亞投信,42266017J,DIO52,瀚亞新興豐收基金B-人民幣,10.016,-0.037,-0.36805,AE23,CNY,T0748K
20150602,A0007,瀚亞投信,48733897A,DIO05,瀚亞亞太高股息基金A-新台幣,14.7,-0.11,-0.74274,AA2,TWD,T0727Y
20150602,A0007,瀚亞投信,48733897B,DIO36,瀚亞亞太高股息基金B-新台幣,10.21,-0.07,-0.68093,AA2,TWD,T0727B
20150602,A0007,瀚亞投信,48733897C,DIO37,瀚亞亞太高股息基金A-美金,10.3,-0.09,-0.86622,AA2,USD,T0727C
20150602,A0007,瀚亞投信,48733897D,DIO38,瀚亞亞太高股息基金B-美金,10.11,-0.09,-0.88235,AA2,USD,T0727D
20150602,A0007,瀚亞投信,48733897E,DIO39,瀚亞亞太高股息基金A-人民幣,10.45,-0.1,-0.94787,AA2,CNY,T0727E
20150602,A0007,瀚亞投信,48733897F,DIO40,瀚亞亞太高股息基金B-人民幣,10.16,-0.1,-0.97466,AA2,CNY,T0727F
20150602,A0007,瀚亞投信,48801000A,DIO06,瀚亞精選傘型基金之債券精選組合基金A類型,13.1888,-0.0228,-0.17258,AE22,TWD,T0728Y
20150602,A0007,瀚亞投信,48801000B,DIO19,瀚亞精選傘型基金之債券精選組合基金B類型,12.2208,-0.0211,-0.17236,AE22,TWD,T0728B
20150602,A0007,瀚亞投信,48801016,DIO07,瀚亞精選傘型基金之趨勢精選組合基金,14.07,0.01,0.07112,AE21,TWD,T0729Y
20150602,A0007,瀚亞投信,48836541A,DIO08,瀚亞亞太不動產證券化基金A類型,10.31,-0.07,-0.67437,AG,TWD,T0730A
20150602,A0007,瀚亞投信,48836541B,DIO11,瀚亞亞太不動產證券化基金B類型,9.61,-0.07,-0.72314,AG,TWD,T0730B
20150602,A0007,瀚亞投信,48885958,DIO09,瀚亞亞太基礎建設基金,11.53,-0.08,-0.68906,AA2,TWD,T0732Y
20150603,A0007,瀚亞投信,81595924,DDO10,瀚亞中小型股基金,17.1,0.01,0.05851,AA1,TWD,T0711Y
20150603,A0007,瀚亞投信,83867345,DDM01,瀚亞威寶貨幣市場基金,13.395,0.0002,0.00149,AD1,TWD,T0712Y
20150603,A0007,瀚亞投信,92003102,DDO03,瀚亞高科技基金,49.65,-0.05,-0.10060,AA1,TWD,T0704Y
20150603,A0007,瀚亞投信,92012572,DDO04,瀚亞外銷基金,31.8,-0.13,-0.40714,AA1,TWD,T0705Y
20150603,A0007,瀚亞投信,97990696,DDO07,瀚亞菁華基金,17.38,-0.07,-0.40115,AA1,TWD,T0708Y
20150602,A0007,瀚亞投信,99967806A,DIO03,瀚亞股債入息組合基金A類型,13.4693,-0.0174,-0.12902,AE23,TWD,T0722Y
20150602,A0007,瀚亞投信,99967806B,DIO21,瀚亞股債入息組合基金B類型,12.9802,-0.0168,-0.12926,AE23,TWD,T0722B
20150603,A0008,保德信投信,01032183,DDO01,保德信高成長基金,76.82,-0.84,-1.08164,AA1,TWD,T0802Y
20150602,A0008,保德信投信,10307155,DIO15,保德信全球消費商機基金,16.53,0.03,0.18182,AA2,TWD,T0828Y
20150603,A0008,保德信投信,13528977,DDO12,保德信台商全方位基金,29.17,-0.3,-1.01798,AA1,TWD,T0815Y
20150602,A0008,保德信投信,14692638A,DIO03,保德信全球醫療生化基金-新臺幣,36.88,0.02,0.05426,AA2,TWD,T0816Y
20150602,A0008,保德信投信,14692638B,DIO30,保德信全球醫療生化基金-美元,11.01,-0.02,-0.18132,AA2,USD,T0816B
20150603,A0008,保德信投信,17602625,DDO10,保德信新世紀基金,9.43,-0.09,-0.94538,AA1,TWD,T0812Y
20150603,A0008,保德信投信,18044064,DDO11,保德信金平衡基金,24.12,-0.19,-0.78157,AB1,TWD,T0814Y
20150603,A0008,保德信投信,20089122,DDO09,保德信瑞騰基金,15.2763,-0.0003,-0.00196,AC12,TWD,T0811Y
20150603,A0008,保德信投信,20097447,DDO05,保德信第一基金,23.43,-0.05,-0.21295,AA1,TWD,T0807Y
20150602,A0008,保德信投信,25674811,DIO18,保德信拉丁美洲基金,6.67,0.14,2.14395,AA2,TWD,T0830Y
20150602,A0008,保德信投信,26263055A,DIO19,保德信新興市場債券基金-累積型(A),9.6139,0.0113,0.11768,AC21,TWD,T0831A
20150602,A0008,保德信投信,26263055B,DIO21,保德信新興市場債券基金-月配息型(B),7.6212,0.0092,0.12086,AC21,TWD,T0831B
20150602,A0008,保德信投信,26290779,DIO20,保德信中國品牌基金,15.88,0.4,2.58398,AA2,TWD,T0832Y
20150602,A0008,保德信投信,26320990A,DIO22,保德信亞洲新興市場債券基金-累積型(A),11.1105,-0.0226,-0.20300,AC21,TWD,T0840A
20150602,A0008,保德信投信,26320990B,DIO23,保德信亞洲新興市場債券基金-月配息型(B),9.5935,-0.0196,-0.20389,AC21,TWD,T0840B
20150602,A0008,保德信投信,31832319A,DIO26,保德信好時債組合基金-累積型(A),10.7745,-0.0066,-0.06122,AE22,TWD,T0835Y
20150602,A0008,保德信投信,31832319B,DIO27,保德信好時債組合基金-月配息型(B),9.8142,-0.006,-0.06110,AE22,TWD,T0835B
20150602,A0008,保德信投信,31968075A,DIO28,保德信新興市場企業債券基金-累積型(A),10.6284,-0.0188,-0.17657,AC21,TWD,T0860A
20150602,A0008,保德信投信,31968075B,DIO29,保德信新興市場企業債券基金-月配息型(B),9.6533,-0.0171,-0.17683,AC21,TWD,T0860B
20150602,A0008,保德信投信,38551094,DIO31,保德信中國中小基金,17.46,0.53,3.13054,AA2,TWD,T0836Y
20150602,A0008,保德信投信,38648274A,DIM01,保德信人民幣貨幣市場基金-新臺幣,9.9783,0.0287,0.28845,AD2,TWD,T0870A
20150602,A0008,保德信投信,38648274B,DIM02,保德信人民幣貨幣市場基金-人民幣,10.0879,0.0034,0.03372,AD2,CNY,T0870B
20150602,A0008,保德信投信,48803942,DIO10,保德信新興趨勢組合基金,11.1,0.08,0.72595,AE23,TWD,T0824Y
20150602,A0008,保德信投信,48844280,DIO11,保德信歐洲組合基金,10.45,0.15,1.45631,AE23,TWD,T0825Y
20150602,A0008,保德信投信,48938250,DIO13,保德信全球資源基金,7.89,0.1,1.28370,AA2,TWD,T0826Y
20150602,A0008,保德信投信,48970455,DIO14,保德信全球基礎建設基金,12.23,0.04,0.32814,AA2,TWD,T0827Y
20150603,A0008,保德信投信,73990649,DDO07,保德信科技島基金,19.33,-0.15,-0.77002,AA1,TWD,T0808Y
20150602,A0008,保德信投信,73998065,DIO02,保德信大中華基金,32.94,0.73,2.26638,AA2,TWD,T0809Y
20150603,A0008,保德信投信,83866508,DDO08,保德信中小型股基金,37.94,-0.76,-1.96382,AA1,TWD,T0810Y
20150603,A0008,保德信投信,92013967,DDO02,保德信金滿意基金,37.39,-0.28,-0.74330,AA1,TWD,T0803Y
20150602,A0008,保德信投信,92029139,DIO01,保德信亞太基金,19.99,-0.1,-0.49776,AA2,TWD,T0804Y
20150603,A0008,保德信投信,97978047,DDM01,保德信貨幣市場基金,15.5601,0.0003,0.00193,AD1,TWD,T0805Y
20150603,A0008,保德信投信,97988636,DDO04,保德信店頭市場基金,30.13,-0.38,-1.24549,AA1,TWD,T0806Y
20150602,A0008,保德信投信,98755451,DIO04,保德信全球中小基金,26.27,0.17,0.65134,AA2,TWD,T0817Y
20150603,A0009,統一投信,01031699,DDO01,統一全天候基金,78.26,-0.51,-0.64745,AA1,TWD,T0902Y
20150603,A0009,統一投信,17605622,DDO11,統一大滿貫基金,25.26,-0.06,-0.23697,AA1,TWD,T0911Y
20150602,A0009,統一投信,18030553,DIO01,統一亞太基金,29.22,0.16,0.55058,AA2,TWD,T0912Y
20150602,A0009,統一投信,25637393,DIO05,統一大龍印基金,20.45,0.18,0.88801,AA2,TWD,T0923Y
20150602,A0009,統一投信,26202889,DIO06,統一大中華中小基金,16.56,0.42,2.60223,AA2,TWD,T0924Y
20150602,A0009,統一投信,26318517,DIO07,統一新亞洲科技能源基金,20.56,0.36,1.78218,AA2,TWD,T0925Y
20150602,A0009,統一投信,31841577,DIO09,統一亞洲大金磚基金,16.05,0.17,1.07053,AA2,TWD,T0927Y
20150602,A0009,統一投信,31980155A,DIO10,統一新興市場企業債券基金-累積型,10.2431,0.004,0.03907,AC21,TWD,T0928B
20150602,A0009,統一投信,31980155B,DIO11,統一新興市場企業債券基金-月配型,9.5014,0.0037,0.03896,AC21,TWD,T0928A
20150602,A0009,統一投信,38592911,DIO12,統一大龍騰中國基金,15.46,0.67,4.53009,AA2,TWD,T0931Y
20150602,A0009,統一投信,48783925,DIO03,統一全球債券組合基金,11.9564,-0.0054,-0.04514,AE22,TWD,T0920Y
20150602,A0009,統一投信,48863201,DIO04,統一強漢基金,25.57,0.49,1.95375,AA2,TWD,T0921Y
20150603,A0009,統一投信,48934304,DDO17,統一台灣動力基金,13.86,0.07,0.50761,AA1,TWD,T0922Y
20150603,A0009,統一投信,73990253,DDO10,統一奔騰基金,45.56,-0.22,-0.48056,AA1,TWD,T0910Y
20150603,A0009,統一投信,77537493,DDO09,統一統信基金,26.54,-0.2,-0.74794,AA1,TWD,T0901Y
20150603,A0009,統一投信,81581724,DDO08,統一經建基金,34.84,0,0.00000,AA1,TWD,T0909Y
20150603,A0009,統一投信,92002244,DDO02,統一黑馬基金,44.69,-0.03,-0.06708,AA1,TWD,T0903Y
20150603,A0009,統一投信,92012762,DDO03,統一龍馬基金,53.98,0.02,0.03706,AA1,TWD,T0904Y
20150603,A0009,統一投信,92017176,DDM01,統一強棒貨幣市場基金,16.4615,0.0002,0.00121,AD1,TWD,T0905Y
20150603,A0009,統一投信,97977878,DDO05,統一中小基金,20.15,-0.09,-0.44466,AA1,TWD,T0906Y
20150603,A0010,富邦投信,00974018,DDO29,富邦基金,10.19,-0.03,-0.29354,AA1,TWD,T1001Y
20150603,A0010,富邦投信,10388939A,DDO25,富邦台灣企業社會責任基金-A類型,14.4,-0.06,-0.41494,AA1,TWD,T1032A
20150603,A0010,富邦投信,10388939B,DDO26,富邦台灣企業社會責任基金-B類型,11.91,-0.04,-0.33473,AA1,TWD,T1032B
20150603,A0010,富邦投信,17148301,DDO13,富邦台灣心基金,17.07,-0.06,-0.35026,AA1,TWD,T1017Y
20150603,A0010,富邦投信,20089755,DDO20,富邦精銳中小基金,11.19,-0.1,-0.88574,AA1,TWD,T1010Y
20150602,A0010,富邦投信,26275812A,DIO07,富邦全球投資等級債券基金-A類型,10.8089,-0.04,-0.36870,AC21,TWD,T1034A
20150602,A0010,富邦投信,26275812B,DIO08,富邦全球投資等級債券基金-B類型,9.8643,-0.0365,-0.36866,AC21,TWD,T1034B
20150602,A0010,富邦投信,26302085,DIO09,富邦農糧精選基金,11.41,0.03,0.26362,AA2,TWD,T1035Y
20150602,A0010,富邦投信,26321920,DIO10,富邦新興亞洲高成長基金,11.2,-0.05,-0.44444,AA2,TWD,T1037Y
20150603,A0010,富邦投信,26334740,DFE01,富邦上証180基金,43.53,-0.19,-0.43458,AH2,TWD,006205
20150602,A0010,富邦投信,31826230A,DIO12,富邦策略高收益債券基金-A類型,11.6831,0.0105,0.08995,AC23,TWD,T1039A
20150602,A0010,富邦投信,31826230B,DIO13,富邦策略高收益債券基金-B類型,10.3287,0.0093,0.09012,AC23,TWD,T1039B
20150602,A0010,富邦投信,31826230C,DIO18,富邦策略高收益債券基金-C類型,10.2247,0.0091,0.08908,AC23,TWD,T1039C
20150603,A0010,富邦投信,31840182,DDE05,富邦台灣釆吉50基金,39.76,-0.17,-0.42575,AH1,TWD,006208
20150602,A0010,富邦投信,31946404A,DIO16,富邦中國債券傘型之富邦中國優質債券基金-A類型(人民幣),10.734,0.0029,0.02702,AC21,CNY,T1042A
20150602,A0010,富邦投信,31946404B,DIO17,富邦中國債券傘型之富邦中國優質債券基金-B類型(人民幣),10.2391,0.0027,0.02638,AC21,CNY,T1042B
20150602,A0010,富邦投信,31946404C,DIO21,富邦中國債券傘型之富邦中國優質債券基金-A類型(美元),1.715,0.0018,0.10507,AC21,USD,T1042C
20150602,A0010,富邦投信,31946404D,DIO22,富邦中國債券傘型之富邦中國優質債券基金-B類型(美元),1.6533,0.0017,0.10293,AC21,USD,T1042D
20150602,A0010,富邦投信,31946426A,DIO14,富邦中國債券傘型之富邦中國高收益債券基金-A類型(人民幣),10.8516,0.0157,0.14489,AC23,CNY,T1041A
20150602,A0010,富邦投信,31946426B,DIO15,富邦中國債券傘型之富邦中國高收益債券基金-B類型(人民幣),9.8322,0.0143,0.14565,AC23,CNY,T1041B
20150602,A0010,富邦投信,31946426C,DIO19,富邦中國債券傘型之富邦中國高收益債券基金-A類型(美元),1.7338,0.0038,0.21965,AC23,USD,T1041C
20150602,A0010,富邦投信,31946426D,DIO20,富邦中國債券傘型之富邦中國高收益債券基金-B類型(美元),1.6051,0.0035,0.21853,AC23,USD,T1041D
20150602,A0010,富邦投信,38583188A,DIM01,富邦中國貨幣市場基金-新台幣,10.5267,0.0323,0.30778,AD2,TWD,T1044A
20150602,A0010,富邦投信,38583188B,DIM02,富邦中國貨幣市場基金-人民幣,10.2497,0.0009,0.00878,AD2,CNY,T1044B
20150603,A0010,富邦投信,38633011,DIE01,富邦中國ETF傘型基金之富邦上証180單日正向兩倍基金,60.58,-0.91,-1.47992,AH2,TWD,00633L
20150603,A0010,富邦投信,38633027,DIE02,富邦中國ETF傘型基金之富邦上証180單日反向一倍基金,9.67,0.05,0.51975,AH2,TWD,00634R
20150602,A0010,富邦投信,38653992A,DIO23,富邦中國新平衡入息基金-A類型(新台幣),10.1036,0.0359,0.35659,AB2,TWD,T1047A
20150602,A0010,富邦投信,38653992B,DIO24,富邦中國新平衡入息基金-B類型(新台幣),10.1036,0.0359,0.35659,AB2,TWD,T1047B
20150602,A0010,富邦投信,38653992C,DIO25,富邦中國新平衡入息基金-A類型(人民幣),10.1531,0.0054,0.05321,AB2,CNY,T1047C
20150602,A0010,富邦投信,38653992D,DIO26,富邦中國新平衡入息基金-B類型(人民幣),10.1531,0.0054,0.05321,AB2,CNY,T1047D
20150602,A0010,富邦投信,38653992E,DIO27,富邦中國新平衡入息基金-A類型(美元),10.1524,0.013,0.12821,AB2,USD,T1047E
20150602,A0010,富邦投信,38653992F,DIO28,富邦中國新平衡入息基金-B類型(美元),10.1524,0.013,0.12821,AB2,USD,T1047F
20150603,A0010,富邦投信,42302273,DFE02,富邦深証100基金,15.7,-0.05,-0.31746,AH2,TWD,
20150603,A0010,富邦投信,48790067,DDE01,富邦台灣科技指數基金,41.32,-0.23,-0.55355,AH1,TWD,0052
20150602,A0010,富邦投信,48908684,DIO05,富邦大中華成長基金,6.78,-0.03,-0.44053,AA2,TWD,T1028Y
20150603,A0010,富邦投信,48975156,DDE02,富邦台灣ETF傘型基金之富邦台灣摩根指數股票型基金,42.44,-0.2,-0.46904,AH1,TWD,0057
20150603,A0010,富邦投信,48975162,DDE04,富邦台灣ETF傘型基金之富邦台灣金融指數股票型基金,36.93,-0.06,-0.16221,AH1,TWD,0059
20150603,A0010,富邦投信,48977083,DDE03,富邦台灣ETF傘型基金之富邦台灣發達指數股票型基金,39.52,-0.22,-0.55360,AH1,TWD,0058
20150603,A0010,富邦投信,81585475,DDO08,富邦高成長基金,20.12,-0.12,-0.59289,AA1,TWD,T1011Y
20150603,A0010,富邦投信,83864683,DDO09,富邦科技基金,19.65,-0.16,-0.80767,AA1,TWD,T1012Y
20150603,A0010,富邦投信,92002384,DDO02,富邦精準基金,44.85,-0.29,-0.64245,AA1,TWD,T1004Y
20150603,A0010,富邦投信,92010477,DDO04,富邦長紅基金,50.38,-0.2,-0.39541,AA1,TWD,T1005Y
20150603,A0010,富邦投信,92010770,FDO01,富邦台灣鳳凰基金,661.14,-2,-0.30160,AA1,TWD,T1006Y
20150603,A0010,富邦投信,97980579,DDM01,富邦吉祥貨幣市場基金,15.4555,0.0003,0.00194,AD1,TWD,T1008Y
20150602,A0010,富邦投信,99991502,DIO04,富邦全球不動產基金,8.56,0.01,0.11696,AG,TWD,T1026Y
20150603,A0011,摩根投信,00974039,DDO06,摩根台灣基金,10.85,-0.05,-0.45872,AA1,TWD,T1101Y
20150603,A0011,摩根投信,01032162,DDO01,摩根台灣增長基金,44.44,-0.24,-0.53715,AA1,TWD,T1102Y
20150602,A0011,摩根投信,10313109,DIO17,摩根東方內需機會基金,14.01,-0.13,-0.91938,AA2,TWD,T1130Y
20150602,A0011,摩根投信,10348445,DIO18,摩根金龍收成基金,19.44,-0.1,-0.51177,AA2,TWD,T1131Y
20150603,A0011,摩根投信,17144945,DDO07,摩根價值成長基金,17.04,-0.08,-0.46729,AA1,TWD,T1112Y
20150603,A0011,摩根投信,18036846,DDO08,摩根平衡基金,26.62,-0.12,-0.44877,AB1,TWD,T1114Y
20150602,A0011,摩根投信,20096209,DIO04,摩根東方科技基金,25.45,0.1,0.39448,AA2,TWD,T1109Y
20150602,A0011,摩根投信,21704027A,DIO07,摩根亞太高息平衡基金-累積型,13.0057,-0.0318,-0.24391,AB2,TWD,T1120A
20150602,A0011,摩根投信,21704027B,DIO30,摩根亞太高息平衡基金-季配息型,11.5946,-0.0284,-0.24434,AB2,TWD,T1120B
20150602,A0011,摩根投信,25627402,DIO22,摩根中國亮點基金,13.15,-0.06,-0.45420,AA2,TWD,T1134Y
20150603,A0011,摩根投信,25636367,DDO12,摩根台灣金磚基金,17.3,-0.09,-0.51754,AA1,TWD,T1135Y
20150602,A0011,摩根投信,25684986,DIO23,摩根新金磚五國基金,9.88,0.07,0.71356,AA2,TWD,T1136Y
20150602,A0011,摩根投信,26279269A,DIO24,摩根總收益組合基金-累積型,11.0051,0.0036,0.03272,AE22,TWD,T1137Y
20150602,A0011,摩根投信,26279269B,DIO33,摩根總收益組合基金-月配息型,10.0686,0.0033,0.03279,AE22,TWD,T1137B
20150602,A0011,摩根投信,26297196A,DIO26,摩根新興活利債券基金-累積型,10.5352,-0.0223,-0.21122,AC21,TWD,T1139A
20150602,A0011,摩根投信,26297196B,DIO27,摩根新興活利債券基金-月配息型,8.6975,-0.0185,-0.21225,AC21,TWD,T1139B
20150602,A0011,摩根投信,26376229A,DIO28,摩根亞洲總合高收益債券基金-累積型,12.1512,0.0095,0.07824,AC23,TWD,T1140A
20150602,A0011,摩根投信,26376229B,DIO29,摩根亞洲總合高收益債券基金-月配息型,9.9209,0.0077,0.07767,AC23,TWD,T1140B
20150602,A0011,摩根投信,26376229C,DIO35,摩根亞洲總合高收益債券基金-月配息型(美元),9.8691,-0.001,-0.01013,AC23,USD,T1140C
20150602,A0011,摩根投信,26376229D,DIO39,摩根亞洲總合高收益債券基金-月配息型(人民幣),10.2935,-0.0014,-0.01360,AC23,CNY,T1140E
20150602,A0011,摩根投信,29245757,DIO06,摩根全球α基金,16.42,0.09,0.55113,AA2,TWD,T1119Y
20150602,A0011,摩根投信,31892738A,DIO32,摩根新興龍虎企業債券基金-累積型,10.5591,-0.0125,-0.11824,AC21,TWD,T1141A
20150602,A0011,摩根投信,31892738B,DIO31,摩根新興龍虎企業債券基金-月配息型,9.4369,-0.0112,-0.11854,AC21,TWD,T1141B
20150602,A0011,摩根投信,31944996,DIO34,摩根中國A股基金,19.46,0.36,1.88482,AA2,TWD,T1142Y
20150602,A0011,摩根投信,38532914A,DIO36,摩根泛亞太股票入息基金累積型,11.03,-0.06,-0.54103,AA2,TWD,T1145A
20150602,A0011,摩根投信,38532914B,DIO37,摩根泛亞太股票入息基金月配息型,10.74,-0.05,-0.46339,AA2,TWD,T1145B
20150602,A0011,摩根投信,38532914C,DIO38,摩根泛亞太股票入息基金月配息型(美元),10.41,-0.08,-0.76263,AA2,USD,T1145C
20150602,A0011,摩根投信,38532914D,DIO40,摩根泛亞太股票入息基金-月配息型(人民幣),10.64,-0.09,-0.83877,AA2,CNY,T1145E
20150602,A0011,摩根投信,38612682A,DIO42,摩根多元入息成長基金累積型,10.6806,-0.0268,-0.25029,AE23,TWD,T1146A
20150602,A0011,摩根投信,38612682B,DIO43,摩根多元入息成長基金月配息型,10.5353,-0.0262,-0.24807,AE23,TWD,T1146B
20150602,A0011,摩根投信,38612682C,DIO44,摩根多元入息成長基金月配息型(美元),10.522,-0.0301,-0.28525,AE23,USD,T1146C
20150602,A0011,摩根投信,38612682D,DIO45,摩根多元入息成長基金月配息型(人民幣),10.6566,-0.0302,-0.28259,AE23,CNY,T1146D
20150602,A0011,摩根投信,42299565A,DIO46,摩根新興雙利平衡基金累積型,9.6801,-0.0025,-0.02582,AB2,TWD,T1148A
20150602,A0011,摩根投信,42299565B,DIO47,摩根新興雙利平衡基金月配息型,9.6802,-0.0025,-0.02582,AB2,TWD,T1148B
20150602,A0011,摩根投信,42299565C,DIO49,摩根新興雙利平衡基金月配息型(美元),9.7262,-0.022,-0.22568,AB2,USD,T1148C
20150602,A0011,摩根投信,42299565D,DIO48,摩根新興雙利平衡基金月配息型(人民幣),9.7584,-0.0226,-0.23106,AB2,CNY,T1148D
20150602,A0011,摩根投信,48727760,DIO11,摩根絕對日本基金,11.6,0.11,0.95735,AA2,TWD,T1124Y
20150602,A0011,摩根投信,48768614,DIO12,摩根新興35基金,10.99,-0.02,-0.18165,AA2,TWD,T1125Y
20150602,A0011,摩根投信,48860963,DIO14,摩根全球發現基金,11.18,0.07,0.63006,AA2,TWD,T1127Y
20150602,A0011,摩根投信,48929098,DIO15,摩根縱橫台商基金,12.44,0.01,0.08045,AA2,TWD,T1128Y
20150602,A0011,摩根投信,48974190,DIO16,摩根新絲路基金,9.44,-0.05,-0.52687,AA2,TWD,T1129Y
20150602,A0011,摩根投信,73980092,DFO03,摩根大歐洲基金,17.3,0.22,1.28806,AA2,TWD,T1110Y
20150603,A0011,摩根投信,73989501,DDO05,摩根中小基金,22.43,-0.16,-0.70828,AA1,TWD,T1111Y
20150602,A0011,摩根投信,92005896,DFO01,摩根新興日本基金,21.16,0.1,0.47483,AA2,TWD,T1103Y
20150603,A0011,摩根投信,92012025,DDO02,摩根新興科技基金,44.1,-0.21,-0.47393,AA1,TWD,T1104Y
20150603,A0011,摩根投信,92016991,DDM01,摩根台灣貨幣市場基金,16.1728,0.0001,0.00062,AD1,TWD,T1105Y
20150602,A0011,摩根投信,92023780,DIO01,摩根亞洲基金,43.9,-0.38,-0.85818,AA2,TWD,T1106Y
20150603,A0011,摩根投信,97991668,DDM02,摩根第一貨幣市場基金,14.9427,0.0002,0.00134,AD1,TWD,T1107Y
20150602,A0011,摩根投信,97999612,DIO02,摩根龍揚基金,29.42,-0.15,-0.50727,AA2,TWD,T1108Y
20150602,A0011,摩根投信,98661139,DIO20,摩根安家理財基金,11.0846,0.0018,0.01624,AE23,TWD,T1116Y
20150602,A0011,摩根投信,99181637,DIO05,摩根全球平衡基金,14.2045,0.0335,0.23640,AB2,TWD,T1117Y
20150602,A0012,華南永昌投信,18477625,DDO07,華南永昌龍盈平衡基金,16.9183,0.0242,0.14325,AB1,TWD,T1207Y
20150603,A0014,新光投信,00974241,DDO11,新光台灣富貴基金,21.45,-0.11,-0.51020,AA1,TWD,T1411Y
20150603,A0014,新光投信,13986924,DDO15,新光大三通基金,18.64,-0.05,-0.26752,AA1,TWD,T1408Y
20150602,A0014,新光投信,15743509,DFO02,新光亞洲精選基金,25.07,-0.27,-1.06551,AA2,TWD,T1402Y
20150602,A0014,新光投信,25515841,DIO09,新光中國成長基金,13.5,-0.09,-0.66225,AA2,TWD,T1403Y
20150602,A0014,新光投信,25619389,DIO12,新光新興星鑽基金,8.64,-0.1,-1.14416,AA2,TWD,T1401Y
20150602,A0014,新光投信,25683760,DIO13,新光兩岸優勢基金,14.39,-0.09,-0.62155,AA2,TWD,T1419Y
20150602,A0014,新光投信,31893342,DIO15,新光多元複合收益組合基金,10.79,0,0.00000,AE24,TWD,T1423Y
20150602,A0014,新光投信,31936927,DFO03,新光澳幣保本基金,10.37,0,0.00000,AF,AUD,T1426Y
20150602,A0014,新光投信,38489297A,DIO16,新光全球ETF組合基金(A類型),10.01,-0.01,-0.09980,AE24,TWD,T1427A
20150602,A0014,新光投信,38489297B,DIO17,新光全球ETF組合基金(B類型),9.63,-0.02,-0.20725,AE24,TWD,T1427B
20150602,A0014,新光投信,38530486,DFO04,新光澳幣十年期保本基金,10.36,-0.03,-0.28874,AF,AUD,T1428Y
20150602,A0014,新光投信,38600433,DIO19,新光全球生技醫療基金,11.65,-0.05,-0.42735,AA2,TWD,T1430Y
20150602,A0014,新光投信,38654839,DFO05,新光南非幣保本基金,9.53,0,0.00000,AF,ZAR,T1431Y
20150603,A0014,新光投信,73998071,DDO09,新光店頭基金,22.88,-0.14,-0.60817,AA1,TWD,T1407Y
20150603,A0014,新光投信,81580149,DDO07,新光國家建設基金,23.88,-0.13,-0.54144,AA1,TWD,T1406Y
20150603,A0014,新光投信,81585242,DDO08,新光創新科技基金,15.34,-0.12,-0.77620,AA1,TWD,T1405Y
20150603,A0014,新光投信,97988122,DDM05,新光吉星貨幣市場基金,15.2689,0.0002,0.00131,AD1,TWD,T1416Y
20150603,A0014,新光投信,99975518,DDO34,新光福運平衡基金,14.9666,-0.0152,-0.10146,AB1,TWD,T1414Y
20150602,A0015,瑞銀投信,26289695A,DIO06,瑞銀亞洲高收益債券基金A類型,12.608,0.0563,0.44854,AC23,TWD,T1503A
20150602,A0015,瑞銀投信,26289695B,DIO07,瑞銀亞洲高收益債券基金B類型,9.5751,0.0427,0.44795,AC23,TWD,T1503B
20150602,A0015,瑞銀投信,48841045,DIO03,瑞銀亞洲全方位不動產基金,8.85,-0.02,-0.22548,AG,TWD,T1501Y
20150602,A0015,瑞銀投信,48955264,DIO04,瑞銀全球創新趨勢基金,6.41,0.01,0.15625,AA2,TWD,T1502Y
20150603,A0016,群益投信,17147605,DDO07,群益真善美基金,17.4705,-0.1343,-0.76286,AB1,TWD,T1616Y
20150603,A0016,群益投信,18037845,DDO09,群益平衡王基金,19.7064,-0.1541,-0.77591,AB1,TWD,T1617Y
20150603,A0016,群益投信,19339782,DDO05,群益創新科技基金,26.33,-0.22,-0.82863,AA1,TWD,T1614Y
20150603,A0016,群益投信,20081352,DDO06,群益店頭市場基金,72.2,-1.13,-1.54098,AA1,TWD,T1612Y
20150602,A0016,群益投信,21723538,DFO03,群益多重資產組合基金,14.14,-0.02,-0.14124,AE23,TWD,T1607Y
20150602,A0016,群益投信,25602535,DFO16,群益東方盛世基金,11.63,0.18,1.57205,AA2,TWD,T1610Y
20150602,A0016,群益投信,25629892A,DIO59,群益華夏盛世基金-新臺幣,18.78,0.48,2.62295,AA2,TWD,T1611Y
20150602,A0016,群益投信,25629892B,DIO60,群益華夏盛世基金-美元,10.5821,0.2721,2.63919,AA2,USD,T1611B
20150602,A0016,群益投信,25629892C,DIO61,群益華夏盛世基金-人民幣,10.58,0.27,2.61882,AA2,CNY,T1611C
20150602,A0016,群益投信,25675430,DFO18,群益印巴雙星基金,9.37,-0.08,-0.84656,AA2,TWD,T1619Y
20150602,A0016,群益投信,25691699,DFO19,群益亞太中小基金,12.47,0.06,0.48348,AA2,TWD,T1620Y
20150602,A0016,群益投信,26265027,DFO20,群益多利策略組合基金,11.64,-0.02,-0.17153,AE22,TWD,T1621Y
20150602,A0016,群益投信,26285038,DFO22,群益東協成長基金,11.46,-0.16,-1.37694,AA2,TWD,T1622Y
20150602,A0016,群益投信,26300586,DFO23,群益印度中小基金,12.63,-0.28,-2.16886,AA2,TWD,T1623Y
20150602,A0016,群益投信,26319641,DFO24,群益新興大消費基金,11.2,0.01,0.08937,AA2,TWD,T1624Y
20150602,A0016,群益投信,26385629,DFO25,群益大中華雙力優勢基金,16.96,0.55,3.35161,AA2,TWD,T1625Y
20150603,A0016,群益投信,29243337,DDO11,群益安家基金,18.2858,-0.1538,-0.83407,AB1,TWD,T1618Y
20150602,A0016,群益投信,31816633A,DFO26,群益亞洲新興市場債券基金 - A(累積型),9.6145,-0.0132,-0.13710,AC21,TWD,T1626A
20150602,A0016,群益投信,31816633B,DFO27,群益亞洲新興市場債券基金 - B(月配型),8.421,-0.0116,-0.13756,AC21,TWD,T1626B
20150603,A0016,群益投信,31836758,DDO38,群益台股指數基金,14.195,-0.076,-0.53255,AI1,TWD,T1627Y
20150602,A0016,群益投信,31892569A,DFO28,群益全球新興收益債券基金-A(累積型),9.7769,0.0075,0.07677,AC21,TWD,T1628A
20150602,A0016,群益投信,31892569B,DFO29,群益全球新興收益債券基金-B(月配型),8.4379,0.0065,0.07709,AC21,TWD,T1628B
20150602,A0016,群益投信,38486685A,DFO32,群益美國新創亮點基金-新臺幣,12.19,0.01,0.08210,AA2,TWD,T1650A
20150602,A0016,群益投信,38486685B,DFO33,群益美國新創亮點基金-美元,11.944,-0.0002,-0.00167,AA2,USD,T1650B
20150602,A0016,群益投信,38486708A,DFO30,群益全球關鍵生技基金-新臺幣,14.09,-0.1,-0.70472,AA2,TWD,T1649A
20150602,A0016,群益投信,38486708B,DFO31,群益全球關鍵生技基金-美元,13.6445,-0.1093,-0.79469,AA2,USD,T1649B
20150602,A0016,群益投信,38524463A,DFO34,群益中國新機會基金-新臺幣,22.64,0.67,3.04961,AA2,TWD,T1651A
20150602,A0016,群益投信,38524463B,DFO35,群益中國新機會基金-美元,22.7247,0.6456,2.92403,AA2,USD,T1651B
20150602,A0016,群益投信,38531773A,DFO36,群益工業國入息基金A(累積型-新台幣),10.16,0,0.00000,AA2,TWD,T1652A
20150602,A0016,群益投信,38531773B,DFO37,群益工業國入息基金B(月配型-新台幣),9.79,0.01,0.10225,AA2,TWD,T1652B
20150602,A0016,群益投信,38531773C,DFO38,群益工業國入息基金A(累積型-美元),10.1647,0.0062,0.06103,AA2,USD,T1652C
20150602,A0016,群益投信,38531773D,DFO39,群益工業國入息基金B(月配型-美元),9.7877,0.0058,0.05929,AA2,USD,T1652D
20150602,A0016,群益投信,38531773E,DFO52,群益工業國入息基金B(月配型-人民幣),9.72,0.01,0.10299,AA2,CNY,T1652F
20150602,A0016,群益投信,38531773F,DFO51,群益工業國入息基金A(累積型-人民幣),9.76,0,0.00000,AA2,CNY,T1652E
20150602,A0016,群益投信,38621438A,DFM01,群益人民幣貨幣市場基金-新臺幣,10.2038,0.0291,0.28600,AD2,TWD,T1653A
20150602,A0016,群益投信,38621438B,DFM02,群益人民幣貨幣市場基金-人民幣,10.1697,0.001,0.00983,AD2,CNY,T1653B
20150602,A0016,群益投信,38621459A,DFO40,群益中國高收益債券基金-新臺幣,10.2248,0.0324,0.31788,AC23,TWD,T1654A
20150602,A0016,群益投信,38621459B,DFO41,群益中國高收益債券基金-美元,10.149,0.0041,0.04041,AC23,USD,T1654B
20150602,A0016,群益投信,38621459C,DFO42,群益中國高收益債券基金-人民幣,10.1464,0.0037,0.03648,AC23,CNY,T1654C
20150602,A0016,群益投信,38648529A,DFO43,群益環球金綻雙喜A(累積型-新台幣),10.48,-0.02,-0.19048,AE23,TWD,T1655A
20150602,A0016,群益投信,38648529B,DFO44,群益環球金綻雙喜B(月配型-新台幣),10.29,-0.02,-0.19399,AE23,TWD,T1655B
20150602,A0016,群益投信,38648529C,DFO45,群益環球金綻雙喜A(累積型-美元),10.4805,-0.0207,-0.19712,AE23,USD,T1655C
20150602,A0016,群益投信,38648529D,DFO46,群益環球金綻雙喜B(月配型-美元),10.2934,-0.0204,-0.19779,AE23,USD,T1655D
20150602,A0016,群益投信,38648529E,DFO47,群益環球金綻雙喜A(累積型-澳幣),10.5499,-0.0229,-0.21659,AE23,AUD,T1655E
20150602,A0016,群益投信,38648529F,DFO48,群益環球金綻雙喜B(月配型-澳幣),10.3363,-0.0225,-0.21721,AE23,AUD,T1655F
20150602,A0016,群益投信,38648529G,DFO49,群益環球金綻雙喜A(累積型-南非幣),10.27,-0.02,-0.19436,AE23,ZAR,T1655G
20150602,A0016,群益投信,38648529H,DFO50,群益環球金綻雙喜B(月配型-南非幣),10.02,-0.02,-0.19920,AE23,ZAR,T1655H
20150602,A0016,群益投信,42301416A,DIO53,群益中國金采平衡基金A（累積型－新台幣）,10.0046,10.0046,0,AB2,TWD,
20150602,A0016,群益投信,42301416B,DIO54,群益中國金采平衡基金B（月配型－新台幣）,10.0046,10.0046,0,AB2,TWD,
20150602,A0016,群益投信,42301416C,DIO55,群益中國金采平衡基金A（累積型－美元）,10.0045,10.0045,0,AB2,USD,
20150602,A0016,群益投信,42301416D,DIO56,群益中國金采平衡基金B（月配型－美元）,10.0045,10.0045,0,AB2,USD,
20150602,A0016,群益投信,42301416E,DIO57,群益中國金采平衡基金A（累積型－人民幣）,10.0049,10.0049,0,AB2,CNY,
20150602,A0016,群益投信,42301416F,DIO58,群益中國金采平衡基金B（月配型－人民幣）,10.0049,10.0049,0,AB2,CNY,
20150603,A0016,群益投信,48675778,DDO17,群益奧斯卡基金,21.87,-0.23,-1.04072,AA1,TWD,T1601Y
20150602,A0016,群益投信,48720160,DFO05,群益多重收益組合基金,13.26,-0.02,-0.15060,AE22,TWD,T1602Y
20150603,A0016,群益投信,48749899,DDO24,群益葛萊美基金,18.88,-0.21,-1.10005,AA1,TWD,T1603Y
20150602,A0016,群益投信,48787295,DFO07,群益亞太新趨勢平衡基金,16.42,0.11,0.67443,AB2,TWD,T1604Y
20150602,A0016,群益投信,48852561,DFO08,群益新興金鑽基金,9.24,0.07,0.76336,AA2,TWD,T1605Y
20150602,A0016,群益投信,48898594A,DFO12,群益全球不動產平衡基金-A(累積型),7.9,-0.02,-0.25253,AG,TWD,T1606A
20150602,A0016,群益投信,48898594B,DFO13,群益全球不動產平衡基金-B(季配型),6.11,-0.02,-0.32626,AG,TWD,T1606B
20150603,A0016,群益投信,81591434,DDO03,群益長安基金,21.61,-0.16,-0.73496,AA1,TWD,T1613Y
20150603,A0016,群益投信,92028997,DDO10,群益中小型股基金,34.76,-0.2,-0.57208,AA1,TWD,T1608Y
20150603,A0016,群益投信,97978525,DDM01,群益安穩貨幣市場基金,15.8883,0.0002,0.00126,AD1,TWD,T1615Y
20150603,A0016,群益投信,97984293,DDO02,群益馬拉松基金,99.66,-0.34,-0.34000,AA1,TWD,T1609Y
20150603,A0017,德信投信,14290085,DDM02,德信萬保貨幣市場基金,11.7904,0.0002,0.00170,AD1,TWD,T1708Y
20150603,A0017,德信投信,18033138,DDO05,德信數位時代基金,23.37,-0.03,-0.12821,AA1,TWD,T1706Y
20150602,A0017,德信投信,25689835,DIO04,德信中國精選成長基金,12.32,-0.05,-0.40420,AA2,TWD,T1712Y
20150603,A0017,德信投信,26288534,DDO28,德信台灣主流中小基金,15.4,0.01,0.06498,AA1,TWD,T1713Y
20150602,A0017,德信投信,31896050,DIO06,德信新興股票組合基金,10.73,0.06,0.56232,AE21,TWD,T1715Y
20150603,A0017,德信投信,97972846,DDO08,德信大發基金,27.35,0.06,0.21986,AA1,TWD,T1701Y
20150602,A0017,德信投信,99636428,DFO02,德信萬瑞基金,11.2455,-0.0163,-0.14474,AC21,TWD,T1711Y
20150602,A0018,聯博投信,31936709A,DIO04,聯博新興市場企業債券基金-A2類型,9.9861,-0.0083,-0.08305,AC21,TWD,T1809A
20150602,A0018,聯博投信,31936709B,DIO05,聯博新興市場企業債券基金-AT類型,8.9429,-0.0075,-0.08380,AC21,TWD,T1809B
20150602,A0018,聯博投信,31936709C,DIO10,聯博新興市場企業債券基金-A2類型(美元),15,0,0.00000,AC21,USD,
20150602,A0018,聯博投信,31936709D,DIO11,聯博新興市場企業債券基金-AT類型(美元),14.9902,-0.014,-0.09331,AC21,USD,
20150602,A0018,聯博投信,38522107A,DIO06,聯博收益傘型基金之聯博債券收益組合基金-A2類型(新台幣),10.24,-0.01,-0.09756,AE22,TWD,T1810A
20150602,A0018,聯博投信,38522107B,DIO07,聯博收益傘型基金之聯博債券收益組合基金-AA類型(新台幣),9.58,-0.01,-0.10428,AE22,TWD,T1810B
20150602,A0018,聯博投信,38522107C,DIO19,聯博收益傘型基金之聯博債券收益組合基金-AA類型(人民幣),14.87,-0.02,-0.13432,AE22,CNY,T1810F
20150602,A0018,聯博投信,38522107D,DIO17,聯博收益傘型基金之聯博債券收益組合基金-AA類型(美金),14.87,-0.03,-0.20134,AE22,USD,T1810D
20150602,A0018,聯博投信,38522107E,DIO18,聯博收益傘型基金之聯博債券收益組合基金-A2類型(人民幣),15.25,-0.03,-0.19634,AE22,CNY,T1810E
20150602,A0018,聯博投信,38522107F,DIO20,聯博收益傘型基金之聯博債券收益組合基金-AA類型(澳幣),14.88,-0.03,-0.20121,AE22,AUD,T1810G
20150602,A0018,聯博投信,38522107G,DIO21,聯博收益傘型基金之聯博債券收益組合基金-AA類型(南非幣),15.18,-0.03,-0.19724,AE22,ZAR,T1810H
20150602,A0018,聯博投信,38522113A,DIO08,聯博收益傘型基金之聯博多元資產收益組合基金-A2類型(新台幣),11.24,0,0.00000,AE23,TWD,T1811A
20150602,A0018,聯博投信,38522113B,DIO09,聯博收益傘型基金之聯博多元資產收益組合基金-AD類型(新台幣),10.66,0,0.00000,AE23,TWD,T1811B
20150602,A0018,聯博投信,38522113C,DIO24,聯博收益傘型基金之聯博多元資產收益組合基金-A2類型(人民幣),16.21,-0.02,-0.12323,AE23,CNY,T1811E
20150602,A0018,聯博投信,38522113D,DIO25,聯博收益傘型基金之聯博多元資產收益組合基金-AD類型(人民幣),15.71,-0.03,-0.19060,AE23,CNY,T1811F
20150602,A0018,聯博投信,38522113E,DIO23,聯博收益傘型基金之聯博多元資產收益組合基金-AD類型(美金),15.62,-0.02,-0.12788,AE23,USD,T1811D
20150602,A0018,聯博投信,38522113F,DIO22,聯博收益傘型基金之聯博多元資產收益組合基金-A2類型(美金),15.99,-0.03,-0.18727,AE23,USD,T1811C
20150602,A0018,聯博投信,38522113G,DIO26,聯博收益傘型基金之聯博多元資產收益組合基金-AD類型(澳幣),16.27,-0.03,-0.18405,AE23,AUD,T1811G
20150602,A0018,聯博投信,38522113H,DIO27,聯博收益傘型基金之聯博多元資產收益組合基金-AD類型(南非幣),15.83,-0.03,-0.18916,AE23,ZAR,T1811H
20150602,A0018,聯博投信,38633201A,DIO14,聯博收益成長傘型之聯博歐洲收益成長平衡基金-A2類型,10.48,0,0.00000,AB2,TWD,T1813A
20150602,A0018,聯博投信,38633201B,DIO15,聯博收益成長傘型之聯博歐洲收益成長平衡基金-AD類型,10.26,0,0.00000,AB2,TWD,T1813B
20150602,A0018,聯博投信,38633217A,DIO12,聯博收益成長傘型之聯博亞太收益成長平衡基金-A2類型,10.97,-0.06,-0.54397,AB2,TWD,T1812A
20150602,A0018,聯博投信,38633217B,DIO13,聯博收益成長傘型之聯博亞太收益成長平衡基金-AD類型,10.74,-0.06,-0.55556,AB2,TWD,T1812B
20150602,A0018,聯博投信,38654486A,DIO28,聯博全球高收益債券基金-T2類型(新台幣),9.95,0,0.00000,AC23,TWD,T1814A
20150602,A0018,聯博投信,38654486B,DIO29,聯博全球高收益債券基金-TA類型(新台幣),9.95,0,0.00000,AC23,TWD,T1814B
20150602,A0018,聯博投信,38654486C,DIO31,聯博全球高收益債券基金-TA類型(美金),15.04,-0.01,-0.06645,AC23,USD,T1814C
20150602,A0018,聯博投信,38654486D,DIO33,聯博全球高收益債券基金-TA類型(人民幣),15.09,-0.01,-0.06623,AC23,CNY,T1814D
20150602,A0018,聯博投信,38654486E,DIO34,聯博全球高收益債券基金-TA類型(澳幣),14.95,-0.01,-0.06684,AC23,AUD,T1814E
20150602,A0018,聯博投信,38654486F,DIO35,聯博全球高收益債券基金-TA類型(南非幣),15.12,-0.01,-0.06609,AC23,ZAR,T1814F
20150602,A0018,聯博投信,48719071A,DIO02,聯博亞太地產基金-A類型,12.5,0.05,0.40161,AG,TWD,T1808A
20150602,A0018,聯博投信,48719071B,DIO03,聯博亞太地產基金-B類型,9.18,0.03,0.32787,AG,TWD,T1808B
20150603,A0018,聯博投信,97997635,DDO01,聯博大利基金,32.15,-0.17,-0.52599,AA1,TWD,T1802Y
20150603,A0018,聯博投信,97998424,DDM02,聯博貨幣市場基金,14.8696,0.0002,0.00135,AD1,TWD,T1803Y
20150603,A0020,日盛投信,17147078,DDO05,日盛精選五虎基金,31.28,0.09,0.28855,AA1,TWD,T2005Y
20150603,A0020,日盛投信,17607591,DDO06,日盛高科技基金,11.31,-0.04,-0.35242,AA1,TWD,T2006Y
20150603,A0020,日盛投信,20084317,DDO01,日盛日盛基金,11.01,0.02,0.18198,AA1,TWD,T2007Y
20150602,A0020,日盛投信,25690517,DFO14,日盛金緻招牌組合基金,10.0613,-0.0029,-0.02882,AE22,TWD,T2035Y
20150603,A0020,日盛投信,26273336,DDO22,日盛MIT主流基金,12.59,-0.08,-0.63141,AA1,TWD,T2036Y
20150602,A0020,日盛投信,26323737,DFO15,日盛中國內需動力基金,12.98,0.04,0.30912,AA2,TWD,T2037Y
20150602,A0020,日盛投信,31827147A,DIO01,日盛亞洲高收益債券基金A,11.6973,0.0409,0.35088,AC23,TWD,T2038A
20150602,A0020,日盛投信,31827147B,DIO02,日盛亞洲高收益債券基金B,9.937,0.0348,0.35144,AC23,TWD,T2038B
20150602,A0020,日盛投信,31967890A,DIO03,日盛全球新興債券基金A,10.4024,0.003,0.02885,AC21,TWD,T2040A
20150602,A0020,日盛投信,31967890B,DIO04,日盛全球新興債券基金B,9.548,0.0028,0.02933,AC21,TWD,T2040B
20150602,A0020,日盛投信,38648871A,DIO08,日盛中國高收益債券基金(新台幣A),10.1906,0.0261,0.25678,AC23,TWD,T2045A
20150602,A0020,日盛投信,38648871B,DIO09,日盛中國高收益債券基金(新台幣B),10.1906,0.0261,0.25678,AC23,TWD,T2045B
20150602,A0020,日盛投信,38648871C,DIO10,日盛中國高收益債券基金(人民幣A),10.2679,0.0078,0.07602,AC23,CNY,T2045C
20150602,A0020,日盛投信,38648871D,DIO11,日盛中國高收益債券基金(人民幣B),10.2678,0.0078,0.07602,AC23,CNY,T2045D
20150602,A0020,日盛投信,38648871E,DIO12,日盛中國高收益債券基金(美元A),10.2682,0.0079,0.07700,AC23,USD,T2045E
20150602,A0020,日盛投信,38648871F,DIO13,日盛中國高收益債券基金(美元B),10.2681,0.0079,0.07700,AC23,USD,T2045F
20150602,A0020,日盛投信,38648886A,DIM05,日盛中國貨幣市場基金(新台幣),9.9579,0.0292,0.29410,AD2,TWD,T2042A
20150602,A0020,日盛投信,38648886B,DIM06,日盛中國貨幣市場基金(人民幣),10.0437,-0.0003,-0.00299,AD2,CNY,T2042B
20150602,A0020,日盛投信,38648886C,DIM07,日盛中國貨幣市場基金(美元),10.0253,0.0058,0.05789,AD2,USD,T2042C
20150602,A0020,日盛投信,48925706,DFO10,日盛大中華基金,7.31,-0.02,-0.27285,AA2,TWD,T2029Y
20150603,A0020,日盛投信,48948481,DDO20,日盛首選基金,11.61,-0.06,-0.51414,AA1,TWD,T2030Y
20150602,A0020,日盛投信,48968970,DFO11,日盛全球抗暖化基金,9.17,-0.01,-0.10893,AA2,TWD,T2031Y
20150603,A0020,日盛投信,73988876,DDO04,日盛小而美基金,16.28,-0.2,-1.21359,AA1,TWD,T2004Y
20150603,A0020,日盛投信,81580387,DDM01,日盛貨幣市場基金,14.5761,0.0002,0.00137,AD1,TWD,T2008Y
20150603,A0020,日盛投信,81584975,DDO03,日盛上選基金,22.15,-0.1,-0.44944,AA1,TWD,T2003Y
20150603,A0020,日盛投信,94991068,DDO09,日盛新台商基金,26.61,-0.09,-0.33708,AA1,TWD,T2011Y
20150602,A0021,柏瑞投信,10340936A,DIO10,柏瑞全球策略高收益債券基金-A類型,12.8929,0.0101,0.07840,AC23,TWD,T2111A
20150602,A0021,柏瑞投信,10340936B,DIO11,柏瑞全球策略高收益債券基金-B類型,7.9758,0.0062,0.07780,AC23,TWD,T2111B
20150602,A0021,柏瑞投信,10340936C,DIO19,柏瑞全球策略高收益債券基金-B類型(澳幣),9.4606,-0.0004,-0.00423,AC23,AUD,T2111C
20150602,A0021,柏瑞投信,10340936D,DIO20,柏瑞全球策略高收益債券基金-B類型(南非幣),9.619,0.0012,0.01248,AC23,ZAR,T2111D
20150602,A0021,柏瑞投信,10340936E,DIO27,柏瑞全球策略高收益債券基金-A類型(人民幣),10.1563,0.0001,0.00098,AC23,CNY,T2111E
20150602,A0021,柏瑞投信,10340936F,DIO28,柏瑞全球策略高收益債券基金-B類型(人民幣),9.6398,0.0001,0.00104,AC23,CNY,T2111F
20150603,A0021,柏瑞投信,20094820,DDO01,柏瑞巨人基金,11.2,-0.09,-0.79717,AA1,TWD,T2101Y
20150602,A0021,柏瑞投信,21709584A,DIO24,柏瑞旗艦全球債券組合基金-A類型,13.2155,-0.0283,-0.21368,AE22,TWD,T2105Y
20150602,A0021,柏瑞投信,21709584B,DIO25,柏瑞旗艦全球債券組合基金-B類型,9.2619,-0.0199,-0.21440,AE22,TWD,T2105B
20150602,A0021,柏瑞投信,25682798A,DIO12,柏瑞新興市場高收益債券基金-A類型,11.9515,0.0132,0.11057,AC23,TWD,T2113A
20150602,A0021,柏瑞投信,25682798B,DIO13,柏瑞新興市場高收益債券基金-B類型,8.6463,0.0095,0.10999,AC23,TWD,T2113B
20150602,A0021,柏瑞投信,26259496,DIO14,柏瑞五國金勢力建設基金,7.16,-0.02,-0.27855,AA2,TWD,T2114Y
20150602,A0021,柏瑞投信,29229530,DIO02,柏瑞旗艦全球成長組合基金,15.83,0,0.00000,AE21,TWD,T2104Y
20150602,A0021,柏瑞投信,31827266A,DIO17,柏瑞新興市場企業策略債券基金-A類型,11.2005,0.007,0.06254,AC21,TWD,T2117A
20150602,A0021,柏瑞投信,31827266B,DIO18,柏瑞新興市場企業策略債券基金-B類型,9.6452,0.006,0.06225,AC21,TWD,T2117B
20150602,A0021,柏瑞投信,38495354A,DIO22,柏瑞新興亞太策略債券基金-A類型,10.5775,-0.0164,-0.15481,AC21,TWD,T2118A
20150602,A0021,柏瑞投信,38495354B,DIO23,柏瑞新興亞太策略債券基金-B類型,10.0226,-0.0574,-0.56944,AC21,TWD,T2118B
20150602,A0021,柏瑞投信,38495354C,DIO29,柏瑞新興亞太策略債券基金-B類型(人民幣),10.085,-0.0878,-0.86309,AC21,CNY,T2118D
20150602,A0021,柏瑞投信,38547873,DIO26,柏瑞亞洲亮點股票基金,10.63,-0.15,-1.39147,AA2,TWD,T2120Y
20150602,A0021,柏瑞投信,38651312A,DIO30,柏瑞中國平衡基金-A類型,9.9387,-0.0033,-0.03319,AB2,TWD,T2121A
20150602,A0021,柏瑞投信,38651312B,DIO31,柏瑞中國平衡基金-B類型,9.9387,-0.0033,-0.03319,AB2,TWD,T2121B
20150602,A0021,柏瑞投信,38651312C,DIO32,柏瑞中國平衡基金-A類型(美元),10.0082,-0.0182,-0.18152,AB2,USD,T2121C
20150602,A0021,柏瑞投信,38651312D,DIO33,柏瑞中國平衡基金-B類型(美元),10.0082,-0.0182,-0.18152,AB2,USD,T2121D
20150602,A0021,柏瑞投信,38651312E,DIO34,柏瑞中國平衡基金-A類型(人民幣),10.0636,-0.0178,-0.17656,AB2,CNY,T2121E
20150602,A0021,柏瑞投信,38651312F,DIO35,柏瑞中國平衡基金-B類型(人民幣),10.0636,-0.0178,-0.17656,AB2,CNY,T2121F
20150602,A0021,柏瑞投信,48570676,DIO04,柏瑞全球金牌組合基金,14.8,0,0.00000,AE23,TWD,T2106Y
20150602,A0021,柏瑞投信,48807089,DIO05,柏瑞拉丁美洲基金,8.32,0.14,1.71149,AA2,TWD,T2107Y
20150602,A0021,柏瑞投信,48873398A,DIO06,柏瑞美國雙核心收益基金-A類型,11.5626,-0.044,-0.37909,AC21,TWD,T2108A
20150602,A0021,柏瑞投信,48873398B,DIO07,柏瑞美國雙核心收益基金-B類型,8.455,-0.0323,-0.38057,AC21,TWD,T2108B
20150602,A0021,柏瑞投信,48944099A,DIO08,柏瑞亞太高股息基金-A類型,12.45,-0.08,-0.63847,AA2,TWD,T2109A
20150602,A0021,柏瑞投信,48944099B,DIO09,柏瑞亞太高股息基金-B類型,8.92,-0.05,-0.55741,AA2,TWD,T2109B
20150603,A0021,柏瑞投信,73992978,DDM02,柏瑞巨輪貨幣市場基金,13.521,0.0002,0.00148,AD1,TWD,T2112Y
20150602,A0021,柏瑞投信,99353053,DIO01,柏瑞旗艦全球平衡組合基金,17.15,0,0.00000,AE23,TWD,T2103Y
20150602,A0022,復華投信,10300441,DIO09,復華全球大趨勢基金,16.87,-0.01,-0.05924,AA2,TWD,T2252Y
20150602,A0022,復華投信,10374246,DIO10,復華華人世紀基金,21.02,0.17,0.81535,AA2,TWD,T2260Y
20150602,A0022,復華投信,14916692,DIO01,復華全球債券基金,13.7267,-0.0113,-0.08225,AC21,TWD,T2211Y
20150603,A0022,復華投信,15742001,DDO10,復華人生目標基金,26.089,-0.2015,-0.76644,AB1,TWD,T2212Y
20150603,A0022,復華投信,17138818,DDO04,復華傳家基金,17.9263,-0.1468,-0.81226,AB1,TWD,T2206Y
20150603,A0022,復華投信,17597405,DDM02,復華有利貨幣市場基金,13.2895,0.0002,0.00150,AD1,TWD,T2207Y
20150603,A0022,復華投信,17608487,DDO06,復華數位經濟基金,35.65,-0.33,-0.91718,AA1,TWD,T2208Y
20150603,A0022,復華投信,18035945,DDO07,復華傳家二號基金,20.1833,-0.1533,-0.75381,AB1,TWD,T2209Y
20150603,A0022,復華投信,18488279,DDO08,復華中小精選基金,42.31,-0.65,-1.51304,AA1,TWD,T2210Y
20150603,A0022,復華投信,21759676,DDO12,復華全方位基金,19.62,-0.26,-1.30785,AA1,TWD,T2216Y
20150602,A0022,復華投信,25590496,DIO11,復華全球短期收益基金,11.4739,0.007,0.06105,AC21,TWD,T2263Y
20150602,A0022,復華投信,25620891,DIO13,復華高益策略組合基金,12.79,0.01,0.07825,AE23,TWD,T2265Y
20150602,A0022,復華投信,25676249,DIO14,復華全球原物料基金,8.57,0,0.00000,AA2,TWD,T2269Y
20150602,A0022,復華投信,26204036,DIO15,復華新興債股動力組合基金,11.17,0.02,0.17937,AE23,TWD,T2270Y
20150602,A0022,復華投信,26276235,DIO16,復華大中華中小策略基金,13.46,0.17,1.27916,AA2,TWD,T2271Y
20150602,A0022,復華投信,26305800,DIO17,復華新興市場短期收益基金,10.49,0.01,0.09542,AC21,TWD,T2274Y
20150602,A0022,復華投信,26305816A,DIO18,復華新興市場高收益債券基金A,9.05,0.01,0.11062,AC23,TWD,T2275A
20150602,A0022,復華投信,26305816B,DIO19,復華新興市場高收益債券基金B,6.8,0.01,0.14728,AC23,TWD,T2275B
20150602,A0022,復華投信,26305816C,DIO32,復華新興市場高收益債券基金-南非幣配息,13.34,-0.03,-0.22438,AC23,ZAR,T2275C
20150602,A0022,復華投信,26305816D,DIO33,復華新興市場高收益債券基金-人民幣配息,13.55,0.01,0.07386,AC23,CNY,T2275D
20150602,A0022,復華投信,26334404,DIO20,復華東協世紀基金,12.55,-0.04,-0.31771,AA2,TWD,T2278Y
20150603,A0022,復華投信,31835478,DIE01,復華滬深300 A股基金,32.44,-0.15,-0.46026,AH2,TWD,006207
20150602,A0022,復華投信,31901862,DFO21,復華南非幣2017保本基金,10.79,0,0.00000,AF,ZAR,T2279Y
20150602,A0022,復華投信,31901878A,DIO22,復華南非幣短期收益基金A,11.04,0,0.00000,AC21,ZAR,T2280A
20150602,A0022,復華投信,31901878B,DIO23,復華南非幣短期收益基金B,9.48,-0.01,-0.10537,AC21,ZAR,T2280B
20150602,A0022,復華投信,31901899A,DIO24,復華南非幣長期收益基金A,10.93,-0.03,-0.27372,AC21,ZAR,T2281A
20150602,A0022,復華投信,31901899B,DIO25,復華南非幣長期收益基金B,9.09,-0.03,-0.32895,AC21,ZAR,T2281B
20150602,A0022,復華投信,31939229A,DIO26,復華新興人民幣債券基金A,10.5,0.01,0.09533,AC21,CNY,T2285A
20150602,A0022,復華投信,31939229B,DIO27,復華新興人民幣債券基金B,9.48,0,0.00000,AC21,CNY,T2285B
20150603,A0022,復華投信,31939240,DIM01,復華人民幣貨幣市場基金,10.5368,0.0009,0.00854,AD2,CNY,T2284Y
20150602,A0022,復華投信,31980113,DIO28,復華全球消費基金,10.85,-0.06,-0.54995,AA2,TWD,T2286Y
20150602,A0022,復華投信,31980129,DIO29,復華美國新星基金,10.79,0,0.00000,AA2,TWD,T2287Y
20150602,A0022,復華投信,38524294,DIO30,復華新興人民幣短期收益基金,10.45,0.02,0.19175,AC21,TWD,T2288Y
20150602,A0022,復華投信,38547000,DIO31,復華全球戰略配置強基金,10.4,0,0.00000,AE23,TWD,T2289Y
20150602,A0022,復華投信,42303499A,DIO34,復華中國新經濟平衡基金-新臺幣,10.02,0.02,0.20000,AB2,TWD,T2291A
20150602,A0022,復華投信,42303499B,DIO35,復華中國新經濟平衡基金-人民幣A,9.94,0,0.00000,AB2,CNY,T2291B
20150602,A0022,復華投信,42303499C,DIO36,復華中國新經濟平衡基金-人民幣B,9.93,-0.01,-0.10060,AB2,CNY,T2291C
20150602,A0022,復華投信,42303511A,DIO37,復華中國新經濟A股基金-新臺幣,10.11,0.12,1.20120,AA2,TWD,T2292A
20150602,A0022,復華投信,42303511B,DIO38,復華中國新經濟A股基金-人民幣,10.03,0.1,1.00705,AA2,CNY,T2292B
20150602,A0022,復華投信,48733658,DIO04,復華亞太平衡基金,12.98,-0.05,-0.38373,AB2,TWD,T2217Y
20150602,A0022,復華投信,48782931,DIO05,復華全球債券組合基金,14.2,-0.01,-0.07037,AE22,TWD,T2218Y
20150602,A0022,復華投信,48837540,DIO06,復華亞太成長基金,12.08,0,0.00000,AA2,TWD,T2219Y
20150602,A0022,復華投信,48898525A,DIO07,復華全球資產證券化基金A,13.41,-0.11,-0.81361,AG,TWD,T2201A
20150602,A0022,復華投信,48898525B,DIO12,復華全球資產證券化基金B,10.15,-0.08,-0.78201,AG,TWD,T2201B
20150602,A0022,復華投信,48952512,DIO08,復華奧林匹克全球優勢組合基金,13.57,0.01,0.07375,AE23,TWD,T2202Y
20150603,A0022,復華投信,73980446,DDM01,復華貨幣市場基金,14.2446,0.0002,0.00140,AD1,TWD,T2204Y
20150603,A0022,復華投信,73998086,DDO03,復華高成長基金,44.07,-0.59,-1.32109,AA1,TWD,T2205Y
20150603,A0022,復華投信,81587889,DDO01,復華復華基金,14.77,-0.22,-1.46765,AA1,TWD,T2203Y
20150602,A0022,復華投信,99034755,DIO02,復華全球平衡基金,17.78,-0.07,-0.39216,AB2,TWD,T2213Y
20150603,A0022,復華投信,99607599,DDO11,復華神盾基金,18.1469,-0.143,-0.78185,AB1,TWD,T2214Y
20150602,A0022,復華投信,99985163,DIO03,復華奧林匹克全球組合基金,15.68,0.01,0.06382,AE23,TWD,T2215Y
20150602,A0025,永豐投信,10397629,DIO09,永豐大中華基金,13.49,-0.05,-0.36928,AA2,TWD,T2530Y
20150603,A0025,永豐投信,13998344,DDO05,永豐中小基金,37.74,-0.37,-0.97087,AA1,TWD,T2506Y
20150603,A0025,永豐投信,14706582,DDO06,永豐趨勢平衡基金,38.73,-0.49,-1.24936,AB1,TWD,T2507Y
20150603,A0025,永豐投信,17152509,DDO03,永豐高科技基金,16.6,-0.14,-0.83632,AA1,TWD,T2503Y
20150602,A0025,永豐投信,25599877,DIO10,永豐亞洲民生消費基金,13.37,0.2,1.51860,AA2,TWD,T2531Y
20150602,A0025,永豐投信,26202781,DIO11,永豐全球新興向榮基金,8.09,0.02,0.24783,AA2,TWD,T2533Y
20150602,A0025,永豐投信,26304859A,DIO14,永豐新興高收雙債組合基金累積類型,11.0779,-0.0037,-0.03339,AE22,TWD,T2535A
20150602,A0025,永豐投信,26304859B,DIO15,永豐新興高收雙債組合基金月配類型,8.6771,-0.0029,-0.03341,AE22,TWD,T2535B
20150603,A0025,永豐投信,26332314,DDE01,永豐臺灣加權ETF基金,47.8,-0.28,-0.58236,AH1,TWD,006204
20150602,A0025,永豐投信,31812778,DIO21,永豐中國經濟建設基金,20.93,0.08,0.38369,AA2,TWD,T2539Y
20150602,A0025,永豐投信,31842338A,DIO26,永豐中國高收益債券基金-新臺幣累積類型,11.2555,0.0292,0.26010,AC23,TWD,T2540Y
20150602,A0025,永豐投信,31842338B,DIO27,永豐中國高收益債券基金-人民幣累積類型,2.2845,-0.0001,-0.00438,AC23,CNY,T2540A
20150602,A0025,永豐投信,31842338C,DIO28,永豐中國高收益債券基金-人民幣月配類型,2.0618,-0.0002,-0.00970,AC23,CNY,T2540B
20150602,A0025,永豐投信,31842338D,DIO29,永豐中國高收益債券基金-新臺幣月配類型,10.4742,0.0271,0.25940,AC23,TWD,T2540C
20150602,A0025,永豐投信,31909604A,DIO24,永豐新興市場企業債券基金-新臺幣累積類型,10.044,-0.0058,-0.05771,AC21,TWD,T2541A
20150602,A0025,永豐投信,31909604B,DIO25,永豐新興市場企業債券基金-新臺幣月配類型,8.8356,-0.0052,-0.05882,AC21,TWD,T2541B
20150602,A0025,永豐投信,31909604C,DIO32,永豐新興市場企業債券基金-人民幣累積類型,2.0081,-0.0057,-0.28305,AC21,CNY,T2541C
20150602,A0025,永豐投信,31909604D,DIO33,永豐新興市場企業債券基金-人民幣月配類型,2.009,-0.0066,-0.32745,AC21,CNY,T2541D
20150602,A0025,永豐投信,31977594,DIO30,永豐滬深300紅利指數基金,20.88,1.29,6.58499,AI2,TWD,T2545Y
20150602,A0025,永豐投信,38530401,DIO31,永豐南非幣2021保本基金,9.969,-0.0274,-0.27410,AF,ZAR,T2548Y
20150602,A0025,永豐投信,42267705A,DIO35,永豐人民幣債券基金-新臺幣累積類型,9.9897,0.0045,0.04507,AC21,TWD,T2553A
20150602,A0025,永豐投信,42267705B,DIO36,永豐人民幣債券基金-新臺幣月配類型,9.9889,0.0044,0.04407,AC21,TWD,T2553B
20150602,A0025,永豐投信,42267705C,DIO37,永豐人民幣債券基金-人民幣累積類型,9.9892,0.0007,0.00701,AC21,CNY,T2553C
20150602,A0025,永豐投信,42267705D,DIO38,永豐人民幣債券基金-人民幣月配類型,9.9892,0.0006,0.00601,AC21,CNY,T2553D
20150602,A0025,永豐投信,42267711A,DIM02,永豐人民幣貨幣市場基金-新臺幣類型,10.1843,0.0277,0.27273,AD2,TWD,T2551A
20150602,A0025,永豐投信,42267711B,DIM03,永豐人民幣貨幣市場基金-人民幣類型,10.007,0.0006,0.00600,AD2,CNY,T2551B
20150602,A0025,永豐投信,48890039,DIO07,永豐主流品牌基金,13.35,0.08,0.60286,AA2,TWD,T2527Y
20150603,A0025,永豐投信,73982015,DDM02,永豐貨幣市場基金,13.7196,0.0002,0.00146,AD1,TWD,T2502Y
20150603,A0025,永豐投信,73992013,DDO15,永豐領航科技基金,23.54,-0.07,-0.29648,AA1,TWD,T2520Y
20150603,A0025,永豐投信,80916244,DDO07,永豐中概平衡基金,31.12,-0.07,-0.22443,AB1,TWD,T2508Y
20150603,A0025,永豐投信,81594690,DDO01,永豐永豐基金,33.38,-0.2,-0.59559,AA1,TWD,T2501Y
20150602,A0025,永豐投信,99361820,DIO01,永豐全球平衡組合基金,12.56,-0.02,-0.15898,AE23,TWD,T2509Y
20150603,A0026,中國信託投信,18038078,DDO04,中國信託精穩基金,14.8288,-0.0783,-0.52525,AB1,TWD,T2605Y
20150602,A0026,中國信託投信,31996797A,DIO06,中國信託全球新興市場策略債券基金A(不配息),10.2728,0.0129,0.12573,AC21,TWD,T2621A
20150602,A0026,中國信託投信,31996797B,DIO07,中國信託全球新興市場策略債券基金B(配息),9.509,0.012,0.12636,AC21,TWD,T2621B
20150602,A0026,中國信託投信,38530388A,DIO08,中國信託多元入息平衡基金A(不配息),10.337,-0.0018,-0.01741,AB2,TWD,T2624A
20150602,A0026,中國信託投信,38530388B,DIO09,中國信託多元入息平衡基金B(配息),9.9931,-0.0017,-0.01701,AB2,TWD,T2624B
20150602,A0026,中國信託投信,38654726A,DIO10,中國信託全球股票入息基金-累積型,10,0.03,0.30090,AA2,TWD,T2627A
20150602,A0026,中國信託投信,38654726B,DIO11,中國信託全球股票入息基金-配息型,10,0.03,0.30090,AA2,TWD,T2627B
20150602,A0026,中國信託投信,48772011,DIO04,中國信託全球固定收益組合基金,14.3418,-0.0124,-0.08639,AE22,TWD,T2617Y
20150603,A0026,中國信託投信,48809501,DDO15,中國信託台灣優勢基金,14.15,-0.07,-0.49226,AA1,TWD,T2618Y
20150603,A0026,中國信託投信,48893417,DDO16,中國信託台灣活力基金,9.95,-0.06,-0.59940,AA1,TWD,T2620Y
20150603,A0026,中國信託投信,80907786,DDM02,中國信託華盈貨幣市場基金,10.8511,0.0002,0.00184,AD1,TWD,T2612Y
20150603,A0027,宏利投信,17144889,DDO03,宏利台灣動力基金,21.75,-0.24,-1.09141,AA1,TWD,T2703Y
20150602,A0027,宏利投信,25630146A,DIO03,宏利亞太入息債券基金-A類型(新臺幣),11.6307,-0.0084,-0.07217,AC21,TWD,T2724A
20150602,A0027,宏利投信,25630146B,DIO04,宏利亞太入息債券基金-B類型(新臺幣),9.5502,-0.0107,-0.11191,AC21,TWD,T2724B
20150602,A0027,宏利投信,25630146C,DIO39,宏利亞太入息債券基金-C類型(新臺幣),11.6602,0.0136,0.11677,AC21,TWD,T2724C
20150602,A0027,宏利投信,25630146D,DIO40,宏利亞太入息債券基金-A類型(人民幣避險),2.3738,-0.0023,-0.09680,AC21,CNY,T2724D
20150602,A0027,宏利投信,25630146E,DIO41,宏利亞太入息債券基金-C類型(人民幣避險),2.3332,-0.0035,-0.14978,AC21,CNY,T2724E
20150602,A0027,宏利投信,25677726A,DIO05,宏利亞太中小企業基金(新臺幣),20.08,-0.19,-0.93735,AA2,TWD,T2726Y
20150602,A0027,宏利投信,25677726B,DIO23,宏利亞太中小企業基金(人民幣避險),4.1635,-0.0468,-1.11156,AA2,CNY,T2726A
20150602,A0027,宏利投信,25677726C,DIO24,宏利亞太中小企業基金(美元),0.6695,-0.0075,-1.10783,AA2,USD,T2726B
20150602,A0027,宏利投信,26258187A,DIO06,宏利新興市場高收益債券基金-A類型(新臺幣),11.2488,-0.0076,-0.06752,AC23,TWD,T2727A
20150602,A0027,宏利投信,26258187B,DIO07,宏利新興市場高收益債券基金-B類型(新臺幣),8.4622,-0.011,-0.12982,AC23,TWD,T2727B
20150602,A0027,宏利投信,26258187C,DIO25,宏利新興市場高收益債券基金-C類型(新臺幣),10.9252,-0.0103,-0.09419,AC23,TWD,T2727C
20150602,A0027,宏利投信,26258187D,DIO26,宏利新興市場高收益債券基金-A類型(人民幣避險),2.3376,-0.005,-0.21344,AC23,CNY,T2727D
20150602,A0027,宏利投信,26258187E,DIO27,宏利新興市場高收益債券基金-C類型(人民幣避險),2.2156,-0.0049,-0.22067,AC23,CNY,T2727E
20150602,A0027,宏利投信,26258187F,DIO28,宏利新興市場高收益債券基金-A類型(澳幣避險),0.7814,-0.0055,-0.69895,AC23,AUD,T2727F
20150602,A0027,宏利投信,26258187G,DIO29,宏利新興市場高收益債券基金-C類型(澳幣避險),0.4145,-0.0009,-0.21666,AC23,AUD,T2727G
20150602,A0027,宏利投信,26258187H,DIO37,宏利新興市場高收益債券基金-A類型(美元),0.3595,-0.0008,-0.22204,AC23,USD,T2727H
20150602,A0027,宏利投信,26258187I,DIO38,宏利新興市場高收益債券基金-C類型(美元),0.3524,-0.0012,-0.33937,AC23,USD,T2727J
20150602,A0027,宏利投信,26325600A,DIO08,宏利中國點心高收益債券基金-A類型(美元),11.4541,0.0078,0.06814,AC23,USD,T2729A
20150602,A0027,宏利投信,26325600B,DIO09,宏利中國點心高收益債券基金-B類型(美元),10.19,0.007,0.06874,AC23,USD,T2729B
20150602,A0027,宏利投信,26325600C,DIO13,宏利中國點心高收益債券基金-A類型(人民幣),71.5206,0.0338,0.04728,AC23,CNY,T2729C
20150602,A0027,宏利投信,26325600D,DIO14,宏利中國點心高收益債券基金-B類型(人民幣),63.8452,0.0301,0.04717,AC23,CNY,T2729D
20150602,A0027,宏利投信,26389097A,DIO10,宏利中國離岸債券基金-A類型(新臺幣),10.7084,0.0122,0.11406,AC21,TWD,T2730A
20150602,A0027,宏利投信,26389097B,DIO11,宏利中國離岸債券基金-B類型(新臺幣),9.84,0.0144,0.14656,AC21,TWD,T2730B
20150602,A0027,宏利投信,26389097C,DIO16,宏利中國離岸債券基金-A類型(人民幣),2.2233,-0.0026,-0.11681,AC21,CNY,T2730C
20150602,A0027,宏利投信,26389097D,DIO17,宏利中國離岸債券基金-B類型(人民幣),2.0508,-0.0016,-0.07796,AC21,CNY,T2730D
20150602,A0027,宏利投信,31893103A,DIO12,宏利東方明珠短期收益基金(美元),10.6652,0.002,0.01876,AC21,USD,T2733Y
20150602,A0027,宏利投信,31893103B,DIO15,宏利東方明珠短期收益基金(人民幣),66.4315,-0.0029,-0.00437,AC21,CNY,T2733A
20150602,A0027,宏利投信,31934358,DIO18,宏利澳幣保本基金,10.4937,-0.0048,-0.04572,AF,AUD,T2739Y
20150602,A0027,宏利投信,38530129A,DIO19,宏利全球入息動態組合基金-A類型(新臺幣),10.1854,-0.0002,-0.00196,AE23,TWD,T2740A
20150602,A0027,宏利投信,38530129B,DIO20,宏利全球入息動態組合基金-B類型(新臺幣),9.7353,0.0061,0.06270,AE23,TWD,T2740B
20150602,A0027,宏利投信,38530129C,DIO21,宏利全球入息動態組合基金-A類型(美元),9.9492,-0.0146,-0.14653,AE23,USD,T2740C
20150602,A0027,宏利投信,38530129D,DIO22,宏利全球入息動態組合基金-B類型(美元),9.5066,-0.0125,-0.13131,AE23,USD,T2740D
20150602,A0027,宏利投信,38585186A,DIO30,宏利亞澳入息成長平衡基金-A類型(新臺幣),10.2828,-0.0688,-0.66463,AB2,TWD,T2751A
20150602,A0027,宏利投信,38585186B,DIO31,宏利亞澳入息成長平衡基金-B類型(新臺幣),10.0072,-0.0675,-0.67000,AB2,TWD,T2751B
20150602,A0027,宏利投信,38585186C,DIO32,宏利亞澳入息成長平衡基金-A類型(美元),10.1239,-0.0773,-0.75775,AB2,USD,T2751C
20150602,A0027,宏利投信,38585186D,DIO33,宏利亞澳入息成長平衡基金-B類型(美元),9.87,-0.0719,-0.72320,AB2,USD,T2751D
20150602,A0027,宏利投信,38585186E,DIO34,宏利亞澳入息成長平衡基金-A類型(澳幣避險),10.0264,-0.0592,-0.58698,AB2,AUD,T2751E
20150602,A0027,宏利投信,38585186F,DIO35,宏利亞澳入息成長平衡基金-B類型(澳幣避險),9.7286,-0.0676,-0.69006,AB2,AUD,T2751F
20150602,A0027,宏利投信,38585186G,DIO42,宏利亞澳入息成長平衡基金-A類型(人民幣避險),2.0576,-0.0193,-0.92927,AB2,CNY,T2751G
20150602,A0027,宏利投信,38585186H,DIO43,宏利亞澳入息成長平衡基金-B類型(人民幣避險),2.0024,-0.019,-0.93994,AB2,CNY,T2751H
20150602,A0027,宏利投信,42267986A,DIO44,宏利美元高收益債券基金-A類型(新臺幣),10.0044,-0.0061,-0.06094,AC23,TWD,T2763A
20150602,A0027,宏利投信,42267986B,DIO45,宏利美元高收益債券基金-B類型(新臺幣),10.0038,-0.0061,-0.06094,AC23,TWD,T2763B
20150602,A0027,宏利投信,42267986C,DIO46,宏利美元高收益債券基金-A類型(人民幣避險),9.967,-0.02,-0.20026,AC23,CNY,T2763C
20150602,A0027,宏利投信,42267986D,DIO47,宏利美元高收益債券基金-B類型(人民幣避險),9.9661,-0.0201,-0.20128,AC23,CNY,T2763D
20150602,A0027,宏利投信,42267986E,DIO48,宏利美元高收益債券基金-A類型(美元),9.9501,-0.0204,-0.20460,AC23,USD,T2763E
20150602,A0027,宏利投信,42267986F,DIO49,宏利美元高收益債券基金-B類型(美元),9.9501,-0.0204,-0.20460,AC23,USD,T2763F
20150602,A0027,宏利投信,42267986G,DIO50,宏利美元高收益債券基金-B類型(澳幣避險),9.8941,-0.0197,-0.19871,AC23,AUD,T2763G
20150602,A0027,宏利投信,48789982,DIO01,宏利全球債券組合基金,12.8184,0.0014,0.01092,AE22,TWD,T2722Y
20150602,A0027,宏利投信,48916256A,DIO02,宏利精選中華基金(新臺幣),11.38,-0.05,-0.43745,AA2,TWD,T2723Y
20150602,A0027,宏利投信,48916256B,DIO36,宏利精選中華基金(人民幣避險),2.29,-0.01,-0.43478,AA2,CNY,T2723A
20150603,A0027,宏利投信,73982057,DDO01,宏利臺灣高股息基金,21.59,-0.15,-0.68997,AA1,TWD,T2701Y
20150603,A0027,宏利投信,83863973,DDM01,宏利萬利貨幣市場基金,13.5394,0.0001,0.00074,AD1,TWD,T2702Y
20150603,A0031,貝萊德投信,17141530,DDM02,貝萊德新台幣基金,12.8213,0.0002,0.00156,AD1,TWD,T3102Y
20150603,A0031,貝萊德投信,19330712,DDO01,貝萊德寶利基金,18.62,-0.11,-0.58729,AA1,TWD,T3101Y
20150602,A0031,貝萊德投信,38490323,DIO04,貝萊德亞美利加收益基金,10.24,-0.02,-0.19493,AE23,TWD,T3112Y
20150603,A0032,野村投信,00968493,DDO18,野村鴻運基金,18.58,-0.18,-0.95949,AA1,TWD,T3219Y
20150603,A0032,野村投信,00971103,DDO08,野村鴻利基金,18.2,-0.15,-0.81744,AB1,TWD,T3221Y
20150603,A0032,野村投信,00988316,DDO07,野村台灣運籌基金,28.44,-0.34,-1.18138,AA1,TWD,T3218Y
20150603,A0032,野村投信,01013051,DDM10,野村鴻揚貨幣市場基金,16.7494,0.0002,0.00119,AD1,TWD,T3222Y
20150602,A0032,野村投信,01021518,DFO01,野村環球基金,12.38,0,0.00000,AA2,TWD,T3220Y
20150603,A0032,野村投信,01031564,DDO09,野村積極成長基金,11,-0.12,-1.07914,AA1,TWD,T3223Y
20150602,A0032,野村投信,10306986,DIO15,野村新興傘型基金之中東非洲基金,9.92,0.05,0.50659,AA2,TWD,T3245Y
20150602,A0032,野村投信,10306992,DIO16,野村新興傘型基金之大俄羅斯基金,6.64,0.09,1.37405,AA2,TWD,T3246Y
20150602,A0032,野村投信,14697373,DIO01,野村全球品牌基金,21.17,0.09,0.42694,AA2,TWD,T3208Y
20150603,A0032,野村投信,17146752,DDO03,野村成長基金,26.42,-0.26,-0.97451,AA1,TWD,T3203Y
20150603,A0032,野村投信,17600534,DDO12,野村高科技基金,8.11,-0.02,-0.24600,AA1,TWD,T3228Y
20150603,A0032,野村投信,17602250,DDO04,野村平衡基金,17.19,-0.16,-0.92219,AB1,TWD,T3204Y
20150603,A0032,野村投信,18037937,DDO05,野村ｅ科技基金,16.06,-0.05,-0.31037,AA1,TWD,T3205Y
20150603,A0032,野村投信,18479285,DDM13,野村精選貨幣市場基金,11.9952,0.0001,0.00083,AD1,TWD,T3230Y
20150603,A0032,野村投信,18488469,DDO06,野村中小基金,37.87,-0.31,-0.81194,AA1,TWD,T3207Y
20150603,A0032,野村投信,19330754,DDO01,野村優質基金,32.5,-0.35,-1.06545,AA1,TWD,T3201Y
20150602,A0032,野村投信,20089404,DFO04,野村泰國基金,35.63,-0.42,-1.16505,AA2,TWD,T3227Y
20150602,A0032,野村投信,21758780A,DIO06,野村全球不動產證券化基金累積型新臺幣計價,13.37,-0.09,-0.66865,AG,TWD,T3214A
20150602,A0032,野村投信,21758780B,DIO21,野村全球不動產證券化基金月配型新臺幣計價,10.5,-0.07,-0.66225,AG,TWD,T3214B
20150602,A0032,野村投信,21758780C,DIO49,野村全球不動產證券化基金-累積類型人民幣計價,9.89,-0.1,-1.00100,AG,CNY,T3214E
20150602,A0032,野村投信,21758780D,DIO50,野村全球不動產證券化基金-月配類型人民幣計價,9.89,-0.1,-1.00100,AG,CNY,T3214F
20150602,A0032,野村投信,25530596,DIO18,野村中國機會基金,12.59,-0.04,-0.31671,AA2,TWD,T3248Y
20150602,A0032,野村投信,25624144A,DIO24,野村全球美元投資級公司債基金-累積型新臺幣計價,11.0622,-0.0486,-0.43741,AC21,TWD,T3249A
20150602,A0032,野村投信,25624144B,DIO25,野村全球美元投資級公司債基金-月配型新臺幣計價,8.8416,-0.0389,-0.43804,AC21,TWD,T3249B
20150602,A0032,野村投信,25624144C,DIO47,野村全球美元投資級公司債基金-累積類型人民幣計價,9.953,-0.0518,-0.51775,AC21,CNY,T3249E
20150602,A0032,野村投信,25624144D,DIO48,野村全球美元投資級公司債基金-月配類型人民幣計價,9.953,-0.0518,-0.51775,AC21,CNY,T3249F
20150602,A0032,野村投信,25652008,DIO26,野村巴西基金,5.19,0.15,2.97619,AA2,TWD,T3251Y
20150602,A0032,野村投信,26204964A,DIO27,野村新興高收益債組合基金-累積型,11.2378,-0.012,-0.10667,AE22,TWD,T3252A
20150602,A0032,野村投信,26204964B,DIO28,野村新興高收益債組合基金-月配型,8.8935,-0.0095,-0.10671,AE22,TWD,T3252B
20150602,A0032,野村投信,26278374,DIO29,野村雙印傘型基金之印度潛力基金,11.05,-0.24,-2.12578,AA2,TWD,T3254Y
20150602,A0032,野村投信,26310557A,DIO31,野村亞太複合高收益債基金-累積型新臺幣計價,11.9725,0.004,0.03342,AC23,TWD,T3256A
20150602,A0032,野村投信,26310557B,DIO32,野村亞太複合高收益債基金-月配型新臺幣計價,9.6202,0.0032,0.03327,AC23,TWD,T3256B
20150602,A0032,野村投信,26310557C,DIO40,野村亞太複合高收益債基金-累積類型人民幣計價,10.0988,-0.0032,-0.03168,AC23,CNY,T3256E
20150602,A0032,野村投信,26310557D,DIO41,野村亞太複合高收益債基金-月配類型人民幣計價,9.676,-0.0032,-0.03306,AC23,CNY,T3256F
20150602,A0032,野村投信,38480612A,DIO34,野村環球高收益債基金-累積類型新臺幣計價,10.2108,0.007,0.06860,AC23,TWD,T3259A
20150602,A0032,野村投信,38480612B,DIO35,野村環球高收益債基金-月配類型新臺幣計價,9.425,0.0065,0.06901,AC23,TWD,T3259B
20150602,A0032,野村投信,38480612C,DIO36,野村環球高收益債基金-累積類型美元計價,9.9388,0.0165,0.16629,AC23,USD,T3259C
20150602,A0032,野村投信,38480612D,DIO37,野村環球高收益債基金-月配類型美元計價,9.1411,0.015,0.16436,AC23,USD,T3259D
20150602,A0032,野村投信,38480612E,DIO38,野村環球高收益債基金-累積類型人民幣計價,10.2111,0.001,0.00979,AC23,CNY,T3259E
20150602,A0032,野村投信,38480612F,DIO39,野村環球高收益債基金-月配類型人民幣計價,9.7643,0.0011,0.01127,AC23,CNY,T3259F
20150602,A0032,野村投信,38620711A,DIO42,野村歐洲中小成長基金-新臺幣計價,10.4,0.05,0.48309,AA2,TWD,T3267A
20150602,A0032,野村投信,38620711B,DIO44,野村歐洲中小成長基金-美元計價,10.41,-0.01,-0.09597,AA2,USD,T3267C
20150602,A0032,野村投信,38620711C,DIO46,野村歐洲中小成長基金-人民幣計價,10.48,0,0.00000,AA2,CNY,T3267E
20150602,A0032,野村投信,38653661A,DIO53,野村多元資產動態平衡基金-累積類型新臺幣計價,10.0061,0.0075,0.07501,AB2,TWD,
20150602,A0032,野村投信,38653661B,DIO54,野村多元資產動態平衡基金-月配類型新臺幣計價,10.0061,0.0075,0.07501,AB2,TWD,
20150602,A0032,野村投信,38653661C,DIO55,野村多元資產動態平衡基金-累積類型美元計價,9.964,-0.0151,-0.15132,AB2,USD,
20150602,A0032,野村投信,38653661D,DIO56,野村多元資產動態平衡基金-月配類型美元計價,9.9642,-0.0151,-0.15131,AB2,USD,
20150602,A0032,野村投信,38653661E,DIO57,野村多元資產動態平衡基金-累積類型人民幣計價,9.965,-0.0183,-0.18331,AB2,CNY,
20150602,A0032,野村投信,38653661F,DIO58,野村多元資產動態平衡基金-月配類型人民幣計價,9.966,-0.0182,-0.18229,AB2,CNY,
20150602,A0032,野村投信,38653661G,DIO59,野村多元資產動態平衡基金-累積類型澳幣計價,9.9145,-0.0827,-0.82723,AB2,AUD,
20150602,A0032,野村投信,38653661H,DIO60,野村多元資產動態平衡基金-月配類型澳幣計價,9.9146,-0.0826,-0.82623,AB2,AUD,
20150602,A0032,野村投信,38653661I,DIO61,野村多元資產動態平衡基金-累積類型南非幣計價,10.0856,0.0042,0.04166,AB2,ZAR,
20150602,A0032,野村投信,38653661J,DIO62,野村多元資產動態平衡基金-月配類型南非幣計價,10.0858,0.0042,0.04166,AB2,ZAR,
20150602,A0032,野村投信,48745964A,DIO09,野村亞太高股息基金累積型,12.35,-0.08,-0.64360,AA2,TWD,T3217A
20150602,A0032,野村投信,48745964B,DIO22,野村亞太高股息基金季配型,9.71,-0.06,-0.61412,AA2,TWD,T3217B
20150602,A0032,野村投信,48844514,DIO12,野村全球生技醫療基金,18.73,-0.08,-0.42531,AA2,TWD,T3237Y
20150602,A0032,野村投信,48968900,DIO14,野村全球氣候變遷基金,7.69,0,0.00000,AA2,TWD,T3244Y
20150602,A0032,野村投信,92017008,DFO02,野村新馬基金,15.88,-0.14,-0.87391,AA2,TWD,T3224Y
20150603,A0032,野村投信,92024520,DDM11,野村貨幣市場基金,16.0674,0.0003,0.00187,AD1,TWD,T3225Y
20150602,A0032,野村投信,94988015A,DIO02,野村全球高股息基金累積型新臺幣計價,17.4,0.05,0.28818,AA2,TWD,T3209A
20150602,A0032,野村投信,94988015B,DIO19,野村全球高股息基金季配型新臺幣計價,13.4,0.04,0.29940,AA2,TWD,T3209B
20150602,A0032,野村投信,94988015C,DIO51,野村全球高股息基金-累積類型人民幣計價,9.87,0,0.00000,AA2,CNY,T3209E
20150602,A0032,野村投信,94988015D,DIO52,野村全球高股息基金-季配類型人民幣計價,9.87,0,0.00000,AA2,CNY,T3209F
20150602,A0032,野村投信,97982106,DFO03,野村日本基金,10.49,-0.08,-0.75686,AA2,TWD,T3226Y
20150602,A0032,野村投信,99035229,DIO03,野村鑫全球債券組合基金,13.0095,-0.0083,-0.06376,AE22,TWD,T3210Y
20150602,A0032,野村投信,99364447,DIO04,野村鑫平衡組合基金,13.77,0.06,0.43764,AE23,TWD,T3211Y
20150603,A0032,野村投信,99973878,DDO17,野村台灣高股息基金,20.29,-0.21,-1.02439,AA1,TWD,T3236Y
20150602,A0032,野村投信,99975165A,DIO05,野村歐洲高股息基金累積型,12.12,0.09,0.74813,AA2,TWD,T3213A
20150602,A0032,野村投信,99975165B,DIO20,野村歐洲高股息基金季配型,9.31,0.06,0.64865,AA2,TWD,T3213B
20150602,A0033,聯邦投信,13984587,DIO06,聯邦優勢策略全球債券組合基金,15.574,-0.0152,-0.09750,AE22,TWD,T3306Y
20150603,A0033,聯邦投信,17144332,DDM02,聯邦貨幣市場基金,13.0088,0.0002,0.00154,AD1,TWD,T3302Y
20150603,A0033,聯邦投信,17597236,DDO03,聯邦精選科技基金,9.43,0.04,0.42599,AA1,TWD,T3303Y
20150603,A0033,聯邦投信,18496290,DDO05,聯邦中國龍基金,18.99,0.08,0.42306,AA1,TWD,T3305Y
20150602,A0033,聯邦投信,31887600A,DIO16,聯邦双囍新興亞洲債券基金A,10.9613,-0.0122,-0.11118,AC21,TWD,T3322A
20150602,A0033,聯邦投信,31887600B,DIO17,聯邦双囍新興亞洲債券基金B,9.7343,-0.0109,-0.11185,AC21,TWD,T3322B
20150602,A0033,聯邦投信,31998423A,DIO18,聯邦新興資源豐富國家高收益債券基金A,10.0609,0.0034,0.03381,AC23,TWD,T3326A
20150602,A0033,聯邦投信,31998423B,DIO19,聯邦新興資源豐富國家高收益債券基金B,9.2882,0.0031,0.03339,AC23,TWD,T3326B
20150602,A0033,聯邦投信,38546327A,DIO20,聯邦環太平洋平衡基金A,11.4147,-0.0145,-0.12687,AB2,TWD,T3328A
20150602,A0033,聯邦投信,38546327B,DIO21,聯邦環太平洋平衡基金B,11.3115,-0.0145,-0.12802,AB2,TWD,T3328B
20150603,A0033,聯邦投信,98669575,DDO08,聯邦金鑽平衡基金,16.2109,0.0251,0.15507,AB1,TWD,T3308Y
20150603,A0035,未來資產投信,10341251,DDO20,未來資產台灣新趨勢基金,14.57,-0.16,-1.08622,AA1,TWD,T3515Y
20150603,A0035,未來資產投信,17597600,DDO01,未來資產阿波羅基金,8.9,-0.12,-1.33038,AA1,TWD,T3501Y
20150603,A0035,未來資產投信,18035966,DDM02,未來資產所羅門貨幣市場基金,12.4241,0.0002,0.00161,AD1,TWD,T3502Y
20150602,A0035,未來資產投信,26299194A,DIO06,未來資產亞洲高收益債券基金A,10.9742,0.0454,0.41542,AC23,TWD,T3516Y
20150602,A0035,未來資產投信,26299194B,DIO10,未來資產亞洲高收益債券基金B,10.3161,0.0426,0.41466,AC23,TWD,T3516B
20150602,A0035,未來資產投信,26378535,DIO07,未來資產亞洲新富基金,17.02,-0.08,-0.46784,AA2,TWD,T3518Y
20150602,A0035,未來資產投信,31939614A,DIO11,未來資產新興市場債券基金A,9.296,-0.0163,-0.17504,AC21,TWD,T3520A
20150602,A0035,未來資產投信,31939614B,DIO12,未來資產新興市場債券基金B,8.5396,-0.015,-0.17534,AC21,TWD,T3520B
20150602,A0035,未來資產投信,31971888,DIO13,未來資產全球大消費基金,12.51,0,0.00000,AA2,TWD,T3521Y
20150602,A0035,未來資產投信,48925184A,DIO04,未來資產亞太不動產證券化基金A,9.09,-0.03,-0.32895,AG,TWD,T3514A
20150602,A0035,未來資產投信,48925184B,DIO05,未來資產亞太不動產證券化基金B,8.11,-0.03,-0.36855,AG,TWD,T3514B
20150602,A0035,未來資產投信,99645003,DIO01,未來資產閣來寶全球組合基金,13.22,0.07,0.53232,AE23,TWD,T3510Y
20150602,A0036,德盛安聯投信,10350645,DIO13,德盛安聯四季回報債券組合基金,14.5516,-0.017,-0.11669,AE22,TWD,T3620Y
20150602,A0036,德盛安聯投信,14693593A,DIO44,德盛全球生技大壩基金-新臺幣,40.87,-0.1,-0.24408,AA2,TWD,T3605Y
20150602,A0036,德盛安聯投信,14693593B,DIO45,德盛全球生技大壩基金-美元,10.68,-0.05,-0.46598,AA2,USD,T3605B
20150603,A0036,德盛安聯投信,17604124,DDO01,德盛台灣大壩基金,17.17,-0.24,-1.37852,AA1,TWD,T3601Y
20150603,A0036,德盛安聯投信,18033003,DDM01,德盛安聯台灣貨幣市場基金,12.3319,0.0002,0.00162,AD1,TWD,T3602Y
20150603,A0036,德盛安聯投信,18480065,DDO04,德盛科技大壩基金,23.3,-0.28,-1.18745,AA1,TWD,T3604Y
20150602,A0036,德盛安聯投信,25589337,DIO14,德盛安聯中國策略增長基金,16.1,-0.08,-0.49444,AA2,TWD,T3621Y
20150602,A0036,德盛安聯投信,25627819,DIO15,德盛安聯全球油礦金趨勢基金,9.73,0.1,1.03842,AA2,TWD,T3622Y
20150602,A0036,德盛安聯投信,25680150,DIO16,德盛安聯中國東協新世紀基金,14.67,-0.08,-0.54237,AA2,TWD,T3623Y
20150602,A0036,德盛安聯投信,26282932,DIO17,德盛安聯亞洲小型企業基金,12.38,-0.11,-0.88070,AA2,TWD,T3624Y
20150602,A0036,德盛安聯投信,26398976A,DIO19,德盛安聯四季豐收債券組合基金-A類型(累積)-新臺幣,11.7527,-0.0103,-0.08756,AE22,TWD,T3626A
20150602,A0036,德盛安聯投信,26398976B,DIO20,德盛安聯四季豐收債券組合基金-B類型(月配息)-新臺幣,10.1684,-0.0093,-0.09138,AE22,TWD,T3626B
20150602,A0036,德盛安聯投信,26398976C,DIO33,德盛安聯四季豐收債券組合基金-A類型(累積)-人民幣,10.3667,-0.0105,-0.10118,AE22,CNY,T3626C
20150602,A0036,德盛安聯投信,26398976D,DIO34,德盛安聯四季豐收債券組合基金-B類型(月配息)-人民幣,10.1387,-0.0092,-0.09066,AE22,CNY,T3626D
20150602,A0036,德盛安聯投信,38481149A,DIO24,德盛安聯四季雙收入息組合基金-A類型(累積)-新臺幣,10.92,0,0.00000,AE23,TWD,T3627A
20150602,A0036,德盛安聯投信,38481149B,DIO25,德盛安聯四季雙收入息組合基金-B類型(月配息)-新臺幣,10.21,0,0.00000,AE23,TWD,T3627B
20150602,A0036,德盛安聯投信,38481149C,DIO29,德盛安聯四季雙收入息組合基金-A類型(累積)-美元,10.31,-0.01,-0.09690,AE23,USD,T3627C
20150602,A0036,德盛安聯投信,38481149D,DIO30,德盛安聯四季雙收入息組合基金-B類型(月配息)-美元,10.15,0,0.00000,AE23,USD,T3627D
20150602,A0036,德盛安聯投信,38552137A,DIO27,德盛安聯四季成長組合基金-新臺幣,10.75,0,0.00000,AE21,TWD,T3628A
20150602,A0036,德盛安聯投信,38552137B,DIO28,德盛安聯四季成長組合基金-美元,10.43,-0.03,-0.28681,AE21,USD,T3628B
20150602,A0036,德盛安聯投信,38647774A,DIO38,德盛安聯目標收益基金-A類型(累積)-新臺幣,10.2091,0.0036,0.03528,AE23,TWD,T3629A
20150602,A0036,德盛安聯投信,38647774B,DIO39,德盛安聯目標收益基金-B類型(月配息)-新臺幣,10.0829,0.0036,0.03572,AE23,TWD,T3629B
20150602,A0036,德盛安聯投信,38647774C,DIO40,德盛安聯目標收益基金-A類型(累積)-美元,10.3685,0.0035,0.03377,AE23,USD,T3629C
20150602,A0036,德盛安聯投信,38647774D,DIO41,德盛安聯目標收益基金-B類型(月配息)-美元,10.2404,0.0034,0.03321,AE23,USD,T3629D
20150602,A0036,德盛安聯投信,38647774E,DIO42,德盛安聯目標收益基金-A類型(累積)-人民幣,10.3375,0.0018,0.01742,AE23,CNY,T3629E
20150602,A0036,德盛安聯投信,38647774F,DIO43,德盛安聯目標收益基金-B類型(月配息)-人民幣,10.1899,0.0034,0.03338,AE23,CNY,T3629F
20150602,A0036,德盛安聯投信,48738909,DIO08,德盛安聯全球計量平衡基金,11.91,0.05,0.42159,AB2,TWD,T3614Y
20150602,A0036,德盛安聯投信,48806595,DIO09,德盛安聯全球綠能趨勢基金,9.58,0.06,0.63025,AA2,TWD,T3615Y
20150602,A0036,德盛安聯投信,48865952,DIO10,德盛安聯多元計量平衡基金,8.78,0.03,0.34286,AB2,TWD,T3616Y
20150602,A0036,德盛安聯投信,48937267,DIO11,德盛安聯全球人口趨勢基金,9.76,0.06,0.61856,AA2,TWD,T3617Y
20150602,A0036,德盛安聯投信,48981946,DIO12,德盛安聯全球農金趨勢基金,10.57,0.04,0.37987,AA2,TWD,T3618Y
20150603,A0036,德盛安聯投信,48997911,DDO07,德盛安聯台灣智慧趨勢基金,19.12,-0.32,-1.64609,AA1,TWD,T3619Y
20150602,A0036,德盛安聯投信,98669250A,DIO21,德盛安聯全球債券基金-A類型(累積),12.2801,-0.0019,-0.01547,AC21,TWD,T3607Y
20150602,A0036,德盛安聯投信,98669250B,DIO22,德盛安聯全球債券基金-B類型(月配息),11.5984,-0.0018,-0.01552,AC21,TWD,T3607B
20150602,A0036,德盛安聯投信,99337168,DIO03,德盛安聯亞洲動態策略基金,23.1,-0.12,-0.51680,AA2,TWD,T3608Y
20150602,A0036,德盛安聯投信,99978472,DIO04,德盛安聯全球新興市場基金,16.3,0.03,0.18439,AA2,TWD,T3610Y
20150603,A0037,國泰投信,01031874,DDO12,國泰小龍基金,14.68,-0.03,-0.20394,AA1,TWD,T3714Y
20150603,A0037,國泰投信,14705562,DDO07,國泰科技生化基金,31.43,-0.08,-0.25389,AA1,TWD,T3707Y
20150602,A0037,國泰投信,17142502,DIM04,國泰全球永利貨幣市場基金,12.7509,0.0125,0.09813,AD2,TWD,T2902Y
20150603,A0037,國泰投信,17612497,DDO01,國泰國泰基金,20.53,-0.08,-0.38816,AA1,TWD,T3701Y
20150603,A0037,國泰投信,18031960,DDO17,國泰高科技基金,9.93,-0.03,-0.30120,AA1,TWD,T2903Y
20150603,A0037,國泰投信,18034853,DDM01,國泰台灣貨幣市場基金,12.2851,0.0001,0.00081,AD1,TWD,T3702Y
20150603,A0037,國泰投信,18043059,DDO03,國泰中小成長基金,41.41,-0.29,-0.69544,AA1,TWD,T3703Y
20150603,A0037,國泰投信,18494624,DDO04,國泰平衡基金,23.65,-0.16,-0.67199,AB1,TWD,T3704Y
20150603,A0037,國泰投信,19291128,DDO06,國泰大中華基金,18.89,-0.02,-0.10576,AA1,TWD,T3706Y
20150602,A0037,國泰投信,25621998A,DIO09,國泰中港台基金台幣級別,16.26,0.19,1.18233,AA2,TWD,T3726Y
20150602,A0037,國泰投信,25621998B,DIO35,國泰中港台基金美元級別,0.5071,0.0054,1.07634,AA2,USD,T3726U
20150602,A0037,國泰投信,25681952,DIO10,國泰豐益債券組合基金,11.8425,-0.005,-0.04220,AE22,TWD,T3727Y
20150602,A0037,國泰投信,26203542,DIO11,國泰新興市場基金,10.5,-0.03,-0.28490,AA2,TWD,T3728Y
20150602,A0037,國泰投信,26273455,DIO12,國泰全球資源基金,6.3,0.07,1.12360,AA2,TWD,T3729Y
20150602,A0037,國泰投信,26317735A,DIO14,國泰中國內需增長基金台幣級別,18.57,0.33,1.80921,AA2,TWD,T3731Y
20150602,A0037,國泰投信,26317735B,DIO27,國泰中國內需增長基金美元級別,0.6188,0.0107,1.75958,AA2,USD,T3731U
20150602,A0037,國泰投信,26317735C,DIO45,國泰中國內需增長基金美元I級別,0.6199,0.011,1.80654,AA2,USD,T3731C
20150602,A0037,國泰投信,26331835A,DIO15,國泰新興高收益債券基金(新台幣)-不配息A,10.7401,0.009,0.08387,AC23,TWD,T3732A
20150602,A0037,國泰投信,26331835B,DIO16,國泰新興高收益債券基金(新台幣)-配息B,8.4573,-0.0378,-0.44496,AC23,TWD,T3732B
20150602,A0037,國泰投信,26331835C,DIO40,國泰新興高收益債券基金(美元)-不配息A,0.3464,-0.0005,-0.14413,AC23,USD,T3732C
20150602,A0037,國泰投信,26331835D,DIO41,國泰新興高收益債券基金(美元)-配息B,0.2728,-0.0018,-0.65550,AC23,USD,T3732D
20150602,A0037,國泰投信,26331835E,DIO42,國泰新興高收益債券基金(人民幣)-不配息A,2.1282,0.0014,0.06583,AC23,CNY,T3732F
20150602,A0037,國泰投信,26331835F,DIO43,國泰新興高收益債券基金(人民幣)-配息B,1.6915,-0.0127,-0.74522,AC23,CNY,T3732G
20150602,A0037,國泰投信,26331835G,DIO44,國泰新興高收益債券基金(美元)-不配息I,0.3488,0.0003,0.08608,AC23,USD,
20150602,A0037,國泰投信,31821137,DIO18,國泰中國新興戰略基金,23.16,0.56,2.47788,AA2,TWD,T3734Y
20150603,A0037,國泰投信,31837449,DDO19,國泰價值卓越基金,12.6,-0.01,-0.07930,AA1,TWD,T3735Y
20150602,A0037,國泰投信,31894665,DIO19,國泰紐幣保本基金,10.6154,-0.0029,-0.02731,AF,NZD,T3736Y
20150602,A0037,國泰投信,31913488A,DIO20,國泰策略高收益債券基金A,10.3969,0,0.00000,AC23,TWD,T3737A
20150602,A0037,國泰投信,31913488B,DIO21,國泰策略高收益債券基金B,9.0084,-0.0439,-0.48496,AC23,TWD,T3737B
20150602,A0037,國泰投信,31939641,DIO23,國泰紐幣八年期保本基金,10.2642,-0.0048,-0.04674,AF,NZD,T3739Y
20150602,A0037,國泰投信,38482908A,DIM02,國泰中國傘型基金之人民幣貨幣市場基金人民幣級別,10.4127,0.0009,0.00864,AD2,CNY,T3740Y
20150602,A0037,國泰投信,38482908B,DIM03,國泰中國傘型基金之人民幣貨幣市場基金美元級別,1.6786,0.0013,0.07751,AD2,USD,T3740U
20150602,A0037,國泰投信,38482914A,DIO24,國泰中國傘型基金之中國新興債券基金台幣級別,10.8296,0.0299,0.27686,AC21,TWD,T3741Y
20150602,A0037,國泰投信,38482914B,DIO39,國泰中國傘型基金之中國新興債券基金美元級別,0.3432,0.001,0.29223,AC21,USD,T3741U
20150602,A0037,國泰投信,38582836,DIO55,國泰紐幣2021保本基金,10.1576,-0.0063,-0.06198,AF,NZD,T3744Y
20150602,A0037,國泰投信,38582842A,DIO28,國泰收益傘型基金之全球多重收益平衡基金-新台幣A(不配息型),10.31,-0.03,-0.29014,AB2,TWD,T3743A
20150602,A0037,國泰投信,38582842B,DIO29,國泰收益傘型基金之全球多重收益平衡基金-新台幣B(配息型),10.02,-0.07,-0.69376,AB2,TWD,T3743B
20150602,A0037,國泰投信,38582842C,DIO30,國泰收益傘型基金之全球多重收益平衡基金-美元A(不配息型),0.342,0,0.00000,AB2,USD,T3743C
20150602,A0037,國泰投信,38582842D,DIO31,國泰收益傘型基金之全球多重收益平衡基金-美元B(配息型),0.3325,-0.0012,-0.35960,AB2,USD,T3743D
20150602,A0037,國泰投信,38582842E,DIO46,國泰收益傘型基金之全球多重收益平衡基金-美元I(不配息型),0.3424,0.0002,0.05845,AB2,USD,T3743E
20150602,A0037,國泰投信,38600412A,DIO36,國泰亞洲成長基金台幣級別,10.34,0.01,0.09681,AA2,TWD,T3745A
20150602,A0037,國泰投信,38600412B,DIO37,國泰亞洲成長基金美元級別,0.3297,0.0001,0.03034,AA2,USD,T3745B
20150603,A0037,國泰投信,42260528,DIE01,國泰富時中國A50基金,22.85,-0.05,-0.21834,AH2,TWD,
20150602,A0037,國泰投信,48681477,DIO04,國泰幸福階梯傘型基金之全球穩健組合基金,14.03,0.02,0.14276,AE23,TWD,T3716Y
20150602,A0037,國泰投信,48681504A,DIO03,國泰幸福階梯傘型基金之全球積極組合基金-台幣級別,16.74,0.03,0.17953,AE21,TWD,T3715Y
20150602,A0037,國泰投信,48681504B,DIO25,國泰幸福階梯傘型基金之全球積極組合基金-美金級別,0.54,-0.0002,-0.03702,AE21,USD,T3715U
20150602,A0037,國泰投信,48832881A,DIO06,國泰全球基礎建設基金台幣級別,14.28,-0.01,-0.06998,AA2,TWD,T3720Y
20150602,A0037,國泰投信,48832881B,DIO34,國泰全球基礎建設基金美元級別,0.4606,-0.0014,-0.30303,AA2,USD,T3720U
20150603,A0037,國泰投信,48948623,DDO13,國泰台灣計量基金,12.65,-0.06,-0.47207,AA1,TWD,T3722Y
20150602,A0037,國泰投信,48973191A,DIO07,國泰全球環保趨勢基金台幣級別,8.95,0.04,0.44893,AA2,TWD,T3723Y
20150602,A0037,國泰投信,48973191B,DIO26,國泰全球環保趨勢基金美元級別,0.2914,0.0014,0.48276,AA2,USD,T3723U
20150603,A0038,富達投信,13984165,DDO02,富達台灣成長基金,26.31,-0.22,-0.82925,AA1,TWD,T3803Y
20150602,A0038,富達投信,99992354,DIO03,富達卓越領航全球組合基金,13.17,0.09,0.68807,AE23,TWD,T3801Y
20150603,A0040,德銀遠東投信,13999821,DDM02,德銀遠東DWS台灣貨幣市場基金,11.5139,0.0001,0.00087,AD1,TWD,T4002Y
20150603,A0040,德銀遠東投信,14545897,DDO03,德銀遠東DWS科技基金,16.71,-0.13,-0.77197,AA1,TWD,T4003Y
20150603,A0040,德銀遠東投信,18499732,DDO01,德銀遠東DWS台灣旗艦基金,19.21,-0.15,-0.77479,AA1,TWD,T4001Y
20150602,A0040,德銀遠東投信,25594177A,DIO08,德銀遠東DWS多元集利組合基金累積型,11.22,-0.04,-0.35524,AE23,TWD,T4009A
20150602,A0040,德銀遠東投信,25594177B,DIO09,德銀遠東DWS多元集利組合基金分配型,9.02,-0.03,-0.33149,AE23,TWD,T4009B
20150602,A0040,德銀遠東投信,26263787,DIO10,德銀遠東DWS全球神農基金,11.28,0.09,0.80429,AA2,TWD,T4011Y
20150602,A0040,德銀遠東投信,26300262A,DIO11,德銀遠東DWS亞洲高收益債券基金累積型,11.629,0.0036,0.03097,AC23,TWD,T4012A
20150602,A0040,德銀遠東投信,26300262B,DIO12,德銀遠東DWS亞洲高收益債券基金分配型,8.8983,0.0073,0.08211,AC23,TWD,T4012B
20150602,A0040,德銀遠東投信,26300262C,DIO15,德銀遠東DWS亞洲高收益債券基金美元級別-累積型,10.0111,-0.0029,-0.02896,AC23,USD,T4012C
20150602,A0040,德銀遠東投信,26300262D,DIO16,德銀遠東DWS亞洲高收益債券基金美元級別-分配型,9.7856,-0.0026,-0.02656,AC23,USD,T4012D
20150602,A0040,德銀遠東投信,26300262E,DIO17,德銀遠東DWS亞洲高收益債券基金人民幣級別-累積型,11.6602,-0.001,-0.00858,AC23,CNY,T4012E
20150602,A0040,德銀遠東投信,26300262F,DIO18,德銀遠東DWS亞洲高收益債券基金人民幣級別-分配型,10.1147,-0.0102,-0.10074,AC23,CNY,T4012F
20150602,A0040,德銀遠東投信,38529930A,DIO13,德銀遠東DWS全球生技創新基金新臺幣級別,12.32,0.02,0.16260,AA2,TWD,T4014A
20150602,A0040,德銀遠東投信,38529930B,DIO14,德銀遠東DWS全球生技創新基金美元級別,11.83,0,0.00000,AA2,USD,T4014B
20150602,A0040,德銀遠東投信,99632577,DIO06,德銀遠東DWS全球原物料能源基金,18.69,0.18,0.97245,AA2,TWD,T4006Y
20150603,A0041,凱基投信,13539952,DDO01,凱基開創基金,19.56,-0.11,-0.55923,AA1,TWD,T4101Y
20150603,A0041,凱基投信,14703038,DDM01,凱基凱旋貨幣市場基金,11.4214,0.0001,0.00088,AD1,TWD,T4102Y
20150603,A0041,凱基投信,25612029,DDO19,凱基台灣精五門基金,20.18,-0.03,-0.14844,AA1,TWD,T4112Y
20150602,A0041,凱基投信,25691430,DIO07,凱基新興趨勢ETF組合基金,9.69,0.05,0.51867,AE21,TWD,T4114Y
20150602,A0041,凱基投信,26258172,DIO08,凱基資源國基金,9.83,0.03,0.30612,AA2,TWD,T4115Y
20150602,A0041,凱基投信,26323981,DIO10,凱基新興市場中小基金,14.56,-0.08,-0.54645,AA2,TWD,T4117Y
20150602,A0041,凱基投信,31884076,DIO13,凱基雲端趨勢基金,15.73,0.02,0.12731,AA2,TWD,T4119Y
20150602,A0041,凱基投信,31977320A,DIO14,凱基新興亞洲債券基金-不配息型,10.0764,0.0195,0.19390,AC21,TWD,T4121A
20150602,A0041,凱基投信,31977320B,DIO15,凱基新興亞洲債券基金-配息型,9.2466,0.0179,0.19396,AC21,TWD,T4121B
20150602,A0041,凱基投信,38533667,DIO16,凱基亞太高股息基金,10.82,-0.06,-0.55147,AA2,TWD,T4122Y
20150602,A0041,凱基投信,38590907A,DIO17,凱基護城河基金-台幣計價A,11.31,0.04,0.35492,AA2,TWD,T4123A
20150602,A0041,凱基投信,38590907B,DIO18,凱基護城河基金-美元計價B,11.0027,0.0098,0.08915,AA2,USD,T4123B
20150602,A0041,凱基投信,48882220,DIO04,凱基台商天下基金,10.57,-0.02,-0.18886,AA2,TWD,T4103Y
20150602,A0041,凱基投信,48997927,DIO05,凱基亞洲四金磚基金,15.56,-0.08,-0.51151,AA2,TWD,T4105Y
20150603,A0042,施羅德投信,14553777,DDM02,施羅德新紀元貨幣市場基金,11.5398,0.0002,0.00173,AD1,TWD,T4202Y
20150602,A0042,施羅德投信,26265912A,DIO06,施羅德全球策略高收益債券基金-累積,10.3223,0.0087,0.08435,AC23,TWD,T4214A
20150602,A0042,施羅德投信,26265912B,DIO07,施羅德全球策略高收益債券基金-分配,7.5138,-0.0366,-0.48474,AC23,TWD,T4214B
20150602,A0042,施羅德投信,26265912C,DIO22,施羅德全球策略高收益債券基金(人民幣)-配息型,10,0,0.00000,AC23,CNY,T4214C
20150602,A0042,施羅德投信,31825598A,DIO10,施羅德中國高收益債券基金-累積型,11.8263,0.0184,0.15583,AC23,TWD,T4216A
20150602,A0042,施羅德投信,31825598B,DIO11,施羅德中國高收益債券基金-分配型,10.0853,-0.0254,-0.25122,AC23,TWD,T4216B
20150602,A0042,施羅德投信,31825598C,DIO12,施羅德中國高收益債券基金(美元)-累積型,0.3912,0,0.00000,AC23,USD,T4216C
20150602,A0042,施羅德投信,31825598D,DIO13,施羅德中國高收益債券基金(美元)-分配型,0.3402,-0.0012,-0.35149,AC23,USD,T4216D
20150602,A0042,施羅德投信,31825598E,DIO14,施羅德中國高收益債券基金(人民幣)-累積型,2.4497,-0.0004,-0.01633,AC23,CNY,T4216E
20150602,A0042,施羅德投信,31825598F,DIO15,施羅德中國高收益債券基金(人民幣)-分配型,2.1115,-0.0091,-0.42912,AC23,CNY,T4216F
20150602,A0042,施羅德投信,31999979A,DIO17,施羅德中國債券基金(美元)-累積型,10.4888,-0.0044,-0.04193,AC21,USD,T4218A
20150602,A0042,施羅德投信,31999979B,DIO18,施羅德中國債券基金(美元)-分配型,9.8178,-0.0395,-0.40072,AC21,USD,T4218B
20150602,A0042,施羅德投信,31999979C,DIO19,施羅德中國債券基金(人民幣)-累積型,10.8045,-0.0081,-0.07491,AC21,CNY,T4218C
20150602,A0042,施羅德投信,31999979D,DIO20,施羅德中國債券基金(人民幣)-分配型,10.1227,-0.0444,-0.43670,AC21,CNY,T4218D
20150603,A0042,施羅德投信,48948834A,DDO09,施羅德樂活中小基金-A類型,16.03,-0.12,-0.74303,AA1,TWD,T4209Y
20150603,A0042,施羅德投信,48948834B,DDO10,施羅德樂活中小基金-I類型,3472.94,-26.13,-0.74677,AA1,TWD,T4209A
20150603,A0043,華頓投信,14694495,DDO01,華頓台灣基金,18.7,-0.3,-1.57895,AA1,TWD,T4301Y
20150603,A0043,華頓投信,15566790,DDM01,華頓平安貨幣市場基金,11.3861,0.0002,0.00176,AD1,TWD,T4302Y
20150602,A0043,華頓投信,25652470A,DIO09,華頓全球高收益債券基金A,13.0254,-0.0074,-0.05678,AC23,TWD,T4322A
20150602,A0043,華頓投信,25652470B,DIO10,華頓全球高收益債券基金B,9.8539,-0.0056,-0.05680,AC23,TWD,T4322B
20150602,A0043,華頓投信,31828693A,DIO12,華頓新興亞太債券基金A,10.5902,-0.0256,-0.24115,AC21,TWD,T4325A
20150602,A0043,華頓投信,31828693B,DIO13,華頓新興亞太債券基金B,9.2564,-0.0224,-0.24141,AC21,TWD,T4325B
20150602,A0043,華頓投信,38634406,DIO18,華頓中國多重機會平衡基金,15.4999,0.4169,2.76404,AB2,TWD,T4332Y
20150602,A0043,華頓投信,48712112,DIO01,華頓全球黑鑽油源基金,7.48,0.07,0.94467,AA2,TWD,T4309Y
20150602,A0043,華頓投信,48842261,DIO04,華頓全球時尚精品基金,13.45,0.12,0.90023,AA2,TWD,T4314Y
20150603,A0043,華頓投信,80892778,DDO03,華頓中小型基金,21.83,-0.13,-0.59199,AA1,TWD,T4303Y
20150603,A0044,惠理康和投信,10337833,DDO10,惠理康和台灣紅不讓基金,16.72,0,0.00000,AA1,TWD,T4401Y
20150602,A0044,惠理康和投信,31835391A,DIO13,惠理康和中國點心高收益債券新台幣A基金,11.0698,0.0294,0.26629,AC23,TWD,T4403Y
20150602,A0044,惠理康和投信,31835391B,DIO21,惠理康和中國點心高收益債券新台幣B基金,10.6191,0.028,0.26437,AC23,TWD,T4403B
20150602,A0044,惠理康和投信,31835391C,DIO22,惠理康和中國點心高收益債券美金A基金,0.3522,-0.0006,-0.17007,AC23,USD,T4403C
20150602,A0044,惠理康和投信,31835391D,DIO23,惠理康和中國點心高收益債券美金B基金,0.3522,-0.0006,-0.17007,AC23,USD,T4403D
20150602,A0044,惠理康和投信,31835391E,DIO24,惠理康和中國點心高收益債券人民幣A基金,2.2113,-0.0063,-0.28409,AC23,CNY,T4403E
20150602,A0044,惠理康和投信,31835391F,DIO25,惠理康和中國點心高收益債券人民幣B基金,2.1274,-0.0047,-0.22044,AC23,CNY,T4403F
20150602,A0044,惠理康和投信,31923248,DIO14,惠理康和兩岸價值基金,12.25,-0.01,-0.08157,AA2,TWD,T4404Y
20150602,A0044,惠理康和投信,38491420A,DIO15,惠理康和美元平衡收益基金A類型,10.92,-0.04,-0.36496,AB2,USD,T4405A
20150602,A0044,惠理康和投信,38491420B,DIO16,惠理康和美元平衡收益基金B類型,10.16,-0.04,-0.39216,AB2,USD,T4405B
20150602,A0044,惠理康和投信,38533012A,DIO17,惠理康和ETF入息組合基金A-台幣,10.25,0.03,0.29354,AE24,TWD,T4406A
20150602,A0044,惠理康和投信,38533012B,DIO18,惠理康和ETF入息組合基金B-台幣,9.92,0.03,0.30334,AE24,TWD,T4406B
20150602,A0044,惠理康和投信,38533012C,DIO19,惠理康和ETF入息組合基金C-美元,9.96,0.02,0.20121,AE24,USD,T4406C
20150602,A0044,惠理康和投信,38533012D,DIO20,惠理康和ETF入息組合基金D-美元,9.62,0.02,0.20833,AE24,USD,T4406D
20150603,A0045,富蘭克林華美投信,15733973,DDO01,富蘭克林華美第一富基金,31.66,-0.25,-0.78345,AA1,TWD,T4502Y
20150602,A0045,富蘭克林華美投信,21718768A,DFO01,富蘭克林華美全球債券組合基金-累計型,13.6591,0.0233,0.17087,AE22,TWD,T4503A
20150602,A0045,富蘭克林華美投信,21718768B,DFO03,富蘭克林華美全球債券組合基金-分配型,10.0307,0.0171,0.17077,AE22,TWD,T4503B
20150602,A0045,富蘭克林華美投信,25515602,DIO02,富蘭克林華美中華基金,15.75,0.1,0.63898,AA2,TWD,T4505Y
20150602,A0045,富蘭克林華美投信,25687668,DFO04,富蘭克林華美新興趨勢傘型基金之天然資源組合基金,7.8732,0.084,1.07842,AE21,TWD,T4506Y
20150602,A0045,富蘭克林華美投信,25687674A,DFO06,富蘭克林華美新興趨勢傘型基金之積極回報債券組合基金-累計型,11.2597,0.0031,0.02754,AE22,TWD,T4508A
20150602,A0045,富蘭克林華美投信,25687674B,DFO07,富蘭克林華美新興趨勢傘型基金之積極回報債券組合基金-分配型,8.7461,0.0024,0.02745,AE22,TWD,T4508B
20150602,A0045,富蘭克林華美投信,25687689,DFO05,富蘭克林華美新興趨勢傘型基金之新興市場股票組合基金,10.6822,-0.0397,-0.37027,AE21,TWD,T4507Y
20150602,A0045,富蘭克林華美投信,26287795,DIO03,富蘭克林華美中國消費基金,15.95,0.27,1.72194,AA2,TWD,T4509Y
20150603,A0045,富蘭克林華美投信,26310297,DDO03,富蘭克林華美台股傘型基金之高科技基金,15.53,0,0.00000,AA1,TWD,T4510Y
20150603,A0045,富蘭克林華美投信,26310310,DDO02,富蘭克林華美台股傘型基金之傳產基金,17.28,-0.09,-0.51813,AA1,TWD,T4511Y
20150602,A0045,富蘭克林華美投信,31836244A,DIO04,富蘭克林華美全球高收益債券基金-新台幣累積型,11.1332,-0.0031,-0.02784,AC23,TWD,T4512A
20150602,A0045,富蘭克林華美投信,31836244B,DIO05,富蘭克林華美全球高收益債券基金-新台幣分配型,9.4653,-0.0025,-0.02641,AC23,TWD,T4512B
20150602,A0045,富蘭克林華美投信,31836244C,DIO08,富蘭克林華美全球高收益債券基金-美元累積型,9.9967,-0.009,-0.08995,AC23,USD,T4512C
20150602,A0045,富蘭克林華美投信,31836244D,DIO09,富蘭克林華美全球高收益債券基金-美元分配型,9.0685,-0.0082,-0.09034,AC23,USD,T4512D
20150602,A0045,富蘭克林華美投信,31836244E,DIO10,富蘭克林華美全球高收益債券基金-澳幣累積型,10.345,-0.0017,-0.01643,AC23,AUD,T4512E
20150602,A0045,富蘭克林華美投信,31836244F,DIO11,富蘭克林華美全球高收益債券基金-澳幣分配型,9.2507,-0.0004,-0.00432,AC23,AUD,T4512F
20150602,A0045,富蘭克林華美投信,31836244G,DIO14,富蘭克林華美全球高收益債券基金-人民幣累積型,10.0366,-0.0096,-0.09556,AC23,CNY,T4512G
20150602,A0045,富蘭克林華美投信,31836244H,DIO15,富蘭克林華美全球高收益債券基金-人民幣分配型,9.6548,-0.0092,-0.09520,AC23,CNY,T4512H
20150603,A0045,富蘭克林華美投信,31897044,DDM01,富蘭克林華美貨幣市場基金,10.1649,0.0002,0.00197,AD1,TWD,T4513Y
20150602,A0045,富蘭克林華美投信,31920832A,DIO06,富蘭克林華美全球投資級債券基金-累積型,9.9651,-0.0052,-0.05215,AC21,TWD,T4514A
20150602,A0045,富蘭克林華美投信,31920832B,DIO07,富蘭克林華美全球投資級債券基金-分配型,9.2811,-0.0049,-0.05277,AC21,TWD,T4514B
20150602,A0045,富蘭克林華美投信,38547418,DIO13,富蘭克林華美中國傘型基金之中國高收益債券基金,10.4237,0.061,0.58865,AC23,TWD,T4516Y
20150602,A0045,富蘭克林華美投信,38547424,DIO12,富蘭克林華美中國傘型基金之中國A股基金,17.55,0.44,2.57160,AA2,TWD,T4515Y
20150602,A0045,富蘭克林華美投信,38639351A,DIO16,富蘭克林華美全球成長基金-新台幣,10.38,0.08,0.77670,AA2,TWD,T4517A
20150602,A0045,富蘭克林華美投信,38639351B,DIO17,富蘭克林華美全球成長基金-美元,10.63,0.05,0.47259,AA2,USD,T4517B
20150602,A0045,富蘭克林華美投信,48858299,DFO02,富蘭克林華美坦伯頓全球股票組合基金,12.0304,-0.01,-0.08305,AE21,TWD,T4501Y
20150602,A0045,富蘭克林華美投信,48997270,DIO01,富蘭克林華美新世界股票基金,15.3,0.13,0.85695,AA2,TWD,T4504Y
20150602,A0047,台新投信,10313190,DIO21,台新大中華基金,12.98,-0.07,-0.53640,AA2,TWD,T4710Y
20150603,A0047,台新投信,17602821,DDO30,台新2000高科技基金,26.09,-0.25,-0.94913,AA1,TWD,T4720Y
20150603,A0047,台新投信,19341387,DDM31,台新1699貨幣市場基金,13.3176,0.0002,0.00150,AD1,TWD,T4719Y
20150603,A0047,台新投信,21719942,DDO03,台新高股息平衡基金,23.8637,-0.2871,-1.18878,AB1,TWD,T4703Y
20150602,A0047,台新投信,25691213,DIO24,台新中國精選中小基金,13.67,-0.13,-0.94203,AA2,TWD,T4711Y
20150602,A0047,台新投信,26291783,DIO25,台新新興傘型基金之台新新興歐洲基金,5.74,0.09,1.59292,AA2,TWD,T4737Y
20150602,A0047,台新投信,26291799,DIO26,台新新興傘型基金之台新拉丁美洲基金,5.81,0.13,2.28873,AA2,TWD,T4738Y
20150602,A0047,台新投信,26322646,DIO27,台新印度基金,12.98,-0.25,-1.88964,AA2,TWD,T4739Y
20150602,A0047,台新投信,31829551A,DIO28,台新亞澳高收益債券基金(累計型),11.17,0.0135,0.12101,AC23,TWD,T4744A
20150602,A0047,台新投信,31829551B,DIO29,台新亞澳高收益債券基金(月配息型),9.6184,0.0116,0.12075,AC23,TWD,T4744B
20150602,A0047,台新投信,31829551C,DIO39,台新亞澳高收益債券基金(累計型)-USD,0.3609,-0.0004,-0.11071,AC23,USD,T4744C
20150602,A0047,台新投信,31829551D,DIO40,台新亞澳高收益債券基金(月配息型)-USD,0.3101,-0.0003,-0.09665,AC23,USD,T4744D
20150602,A0047,台新投信,31897939,DIO30,台新羅傑斯環球資源指數基金,10.463,0.19,1.84951,AI2,TWD,T4746Y
20150602,A0047,台新投信,31969530A,DIO33,台新新興市場債券基金(A類型),9.8213,0.0098,0.09988,AC21,TWD,T4748A
20150602,A0047,台新投信,31969530B,DIO34,台新新興市場債券基金(B類型),8.7589,0.0087,0.09943,AC21,TWD,T4748B
20150602,A0047,台新投信,38527497,DIO36,台新中國傘型基金之台新中証消費服務領先指數基金,19.996,0.591,3.04561,AI2,TWD,T4750Y
20150602,A0047,台新投信,38527519,DIM35,台新中國傘型基金之台新人民幣貨幣市場基金,10.2748,0.0007,0.00681,AD2,CNY,T4751Y
20150602,A0047,台新投信,48753605A,DIO04,台新北美收益資產證券化基金(A),17.93,-0.08,-0.44420,AG,TWD,T4717Y
20150602,A0047,台新投信,48753605B,DIO32,台新北美收益資產證券化基金(B),15.93,-0.07,-0.43750,AG,TWD,T4717B
20150602,A0047,台新投信,48753605C,DIO37,台新北美收益資產證券化基金(A)-USD,0.5808,-0.0039,-0.66701,AG,USD,T4717C
20150602,A0047,台新投信,48753605D,DIO38,台新北美收益資產證券化基金(B)-USD,0.5161,-0.0035,-0.67360,AG,USD,T4717D
20150603,A0047,台新投信,48858663,DDO13,台新主流基金,17.4,-0.16,-0.91116,AA1,TWD,T4706Y
20150602,A0047,台新投信,48870809,DIO05,台新亞美短期債券基金,10.439,0.0053,0.05080,AC21,TWD,T4732Y
20150603,A0047,台新投信,73987460,DDM26,台新大眾貨幣市場基金,13.9848,0.0002,0.00143,AD1,TWD,T4713Y
20150603,A0047,台新投信,80894446,DDO27,台新中國通基金,30.12,-0.37,-1.21351,AA1,TWD,T4714Y
20150603,A0047,台新投信,81588536,DDO25,台新台灣中小基金,25.02,-0.33,-1.30178,AA1,TWD,T4712Y
20150603,A0047,台新投信,99949293,DDM02,台新真吉利貨幣市場基金,10.9624,0.0002,0.00182,AD1,TWD,T4702Y
20150603,A0048,合庫投信,26320632,DDO01,合庫台灣基金,12.27,-0.04,-0.32494,AA1,TWD,T4801Y
20150602,A0048,合庫投信,31890485A,DIO05,合庫全球高收益債券基金A類型,10.9042,-0.0048,-0.04400,AC23,TWD,T4804A
20150602,A0048,合庫投信,31890485B,DIO06,合庫全球高收益債券基金B類型,9.5232,-0.0041,-0.04303,AC23,TWD,T4804B
20150602,A0048,合庫投信,31890485C,DIO12,合庫全球高收益債券基金A類型(美元),10.1234,-0.0098,-0.09671,AC23,USD,T4804C
20150602,A0048,合庫投信,31890485D,DIO13,合庫全球高收益債券基金B類型(美元),9.8457,-0.0096,-0.09741,AC23,USD,T4804D
20150602,A0048,合庫投信,31890485E,DIO18,合庫全球高收益債券基金A類型(澳幣),10.3942,-0.015,-0.14410,AC23,AUD,T4804E
20150602,A0048,合庫投信,31890485F,DIO19,合庫全球高收益債券基金B類型(澳幣),10.2464,-0.0148,-0.14423,AC23,AUD,T4804F
20150602,A0048,合庫投信,31890485G,DIO20,合庫全球高收益債券基金A類型(人民幣),10.4397,-0.0103,-0.09856,AC23,CNY,T4804G
20150602,A0048,合庫投信,31890485H,DIO21,合庫全球高收益債券基金B類型(人民幣),10.2325,-0.0097,-0.09471,AC23,CNY,T4804H
20150602,A0048,合庫投信,31922640,DIO08,合庫全球新興市場基金,10.72,-0.07,-0.64875,AA2,TWD,T4805Y
20150602,A0048,合庫投信,31972676A,DIO09,合庫新興多重收益基金A類型,10.2593,-0.0137,-0.13336,AE22,TWD,T4806A
20150602,A0048,合庫投信,31972676B,DIO10,合庫新興多重收益基金B類型,9.4414,-0.0127,-0.13433,AE22,TWD,T4806B
20150602,A0048,合庫投信,31972676C,DIO14,合庫新興多重收益基金A類型(南非幣),10.3494,-0.0177,-0.17073,AE22,ZAR,T4806E
20150602,A0048,合庫投信,31972676D,DIO15,合庫新興多重收益基金B類型(南非幣),10.0371,-0.0171,-0.17008,AE22,ZAR,T4806F
20150602,A0048,合庫投信,31972676E,DIO16,合庫新興多重收益基金A類型(人民幣),10.2832,-0.0226,-0.21929,AE22,CNY,T4806C
20150602,A0048,合庫投信,31972676F,DIO17,合庫新興多重收益基金B類型(人民幣),9.8404,-0.0208,-0.21093,AE22,CNY,T4806D
20150603,A0048,合庫投信,42299571,DDM01,合庫貨幣市場基金,10.0056,0.0001,0.00100,AD1,TWD,T4807Y
